Arnt_MOUSE.MA0004.1	Arnt
Ahr::Arnt_MOUSE.MA0006.1	Ahr::Arnt
Ddit3::Cebpa_MOUSE.MA0019.1	Ddit3::Cebpa
NFIL3_MOUSE.MA0025.1	NFIL3
Mecom_MOUSE.MA0029.1	Mecom
FOXF2_MOUSE.MA0030.1	FOXF2
FOXD1_MOUSE.MA0031.1	FOXD1
Gfi1_MOUSE.MA0038.1	Gfi1
Foxq1_MOUSE.MA0040.1	Foxq1
Foxd3_MOUSE.MA0041.1	Foxd3
IRF2_MOUSE.MA0051.1	IRF2
MZF1_MOUSE.MA0056.1	MZF1
MZF1(var.2)_MOUSE.MA0057.1	MZF1(var.2)
MAX::MYC_MOUSE.MA0059.1	MAX::MYC
Nkx2-5_MOUSE.MA0063.1	Nkx2-5
PPARG_MOUSE.MA0066.1	PPARG
Pax2_MOUSE.MA0067.1	Pax2
Pax6_MOUSE.MA0069.1	Pax6
PBX1_MOUSE.MA0070.1	PBX1
RORA_MOUSE.MA0071.1	RORA
RORA(var.2)_MOUSE.MA0072.1	RORA(var.2)
RREB1_MOUSE.MA0073.1	RREB1
RXRA::VDR_MOUSE.MA0074.1	RXRA::VDR
SOX9_MOUSE.MA0077.1	SOX9
Sox17_MOUSE.MA0078.1	Sox17
SPIB_MOUSE.MA0081.1	SPIB
SRY_MOUSE.MA0084.1	SRY
Sox5_MOUSE.MA0087.1	Sox5
MAFG::NFE2L1_MOUSE.MA0089.1	MAFG::NFE2L1
TAL1::TCF3_MOUSE.MA0091.1	TAL1::TCF3
Hand1::Tcf3_MOUSE.MA0092.1	Hand1::Tcf3
REL_MOUSE.MA0101.1	REL
RELA_MOUSE.MA0107.1	RELA
TBP_MOUSE.MA0108.2	TBP
HLTF_MOUSE.MA0109.1	HLTF
Spz1_MOUSE.MA0111.1	Spz1
NR1H2::RXRA_MOUSE.MA0115.1	NR1H2::RXRA
Znf423_MOUSE.MA0116.1	Znf423
NFIC::TLX1_MOUSE.MA0119.1	NFIC::TLX1
Nobox_MOUSE.MA0125.1	Nobox
ZNF354C_MOUSE.MA0130.1	ZNF354C
Lhx3_MOUSE.MA0135.1	Lhx3
CTCF_MOUSE.MA0139.1	CTCF
Pou5f1::Sox2_MOUSE.MA0142.1	Pou5f1::Sox2
EWSR1-FLI1_MOUSE.MA0149.1	EWSR1-FLI1
Gabpa_MOUSE.MA0062.2	Gabpa
REST_MOUSE.MA0138.2	REST
RUNX1_MOUSE.MA0002.2	RUNX1
Foxa2_MOUSE.MA0047.2	Foxa2
Pparg::Rxra_MOUSE.MA0065.2	Pparg::Rxra
Arid3a_MOUSE.MA0151.1	Arid3a
NFATC2_MOUSE.MA0152.1	NFATC2
INSM1_MOUSE.MA0155.1	INSM1
HOXA5_MOUSE.MA0158.1	HOXA5
RARA::RXRA_MOUSE.MA0159.1	RARA::RXRA
NR4A2_MOUSE.MA0160.1	NR4A2
PLAG1_MOUSE.MA0163.1	PLAG1
Nr2e3_MOUSE.MA0164.1	Nr2e3
ARNT::HIF1A_MOUSE.MA0259.1	ARNT::HIF1A
Zfx_MOUSE.MA0146.2	Zfx
Stat5a::Stat5b_MOUSE.MA0519.1	Stat5a::Stat5b
Stat4_MOUSE.MA0518.1	Stat4
STAT1::STAT2_MOUSE.MA0517.1	STAT1::STAT2
SP2_MOUSE.MA0516.1	SP2
Sox6_MOUSE.MA0515.1	Sox6
Sox3_MOUSE.MA0514.1	Sox3
SMAD2::SMAD3::SMAD4_MOUSE.MA0513.1	SMAD2::SMAD3::SMAD4
Rfx1_MOUSE.MA0509.1	Rfx1
POU2F2_MOUSE.MA0507.1	POU2F2
NRF1_MOUSE.MA0506.1	NRF1
Nr5a2_MOUSE.MA0505.1	Nr5a2
NR2C2_MOUSE.MA0504.1	NR2C2
Nkx2-5(var.2)_MOUSE.MA0503.1	Nkx2-5(var.2)
NFYB_MOUSE.MA0502.1	NFYB
MAF::NFE2_MOUSE.MA0501.1	MAF::NFE2
Myog_MOUSE.MA0500.1	Myog
Myod1_MOUSE.MA0499.1	Myod1
MEF2C_MOUSE.MA0497.1	MEF2C
Nr1h3::Rxra_MOUSE.MA0494.1	Nr1h3::Rxra
Klf1_MOUSE.MA0493.1	Klf1
JUND(var.2)_MOUSE.MA0492.1	JUND(var.2)
JUND_MOUSE.MA0491.1	JUND
JUNB_MOUSE.MA0490.1	JUNB
JUN(var.2)_MOUSE.MA0489.1	JUN(var.2)
JUN_MOUSE.MA0488.1	JUN
Hoxc9_MOUSE.MA0485.1	Hoxc9
HNF4G_MOUSE.MA0484.1	HNF4G
Gfi1b_MOUSE.MA0483.1	Gfi1b
Gata4_MOUSE.MA0482.1	Gata4
Foxo1_MOUSE.MA0480.1	Foxo1
FOXH1_MOUSE.MA0479.1	FOXH1
FOSL2_MOUSE.MA0478.1	FOSL2
FOSL1_MOUSE.MA0477.1	FOSL1
FOS_MOUSE.MA0476.1	FOS
E2F6_MOUSE.MA0471.1	E2F6
E2F4_MOUSE.MA0470.1	E2F4
DUX4_MOUSE.MA0468.1	DUX4
Crx_MOUSE.MA0467.1	Crx
CDX2_MOUSE.MA0465.1	CDX2
Bcl6_MOUSE.MA0463.1	Bcl6
BATF::JUN_MOUSE.MA0462.1	BATF::JUN
Stat6_MOUSE.MA0520.1	Stat6
Tcf12_MOUSE.MA0521.1	Tcf12
TCF7L2_MOUSE.MA0523.1	TCF7L2
ZBTB33_MOUSE.MA0527.1	ZBTB33
ZNF263_MOUSE.MA0528.1	ZNF263
CEBPA_MOUSE.MA0102.3	CEBPA
ELK4_MOUSE.MA0076.2	ELK4
ESR2_MOUSE.MA0258.2	ESR2
FOXA1_MOUSE.MA0148.3	FOXA1
Gata1_MOUSE.MA0035.3	Gata1
IRF1_MOUSE.MA0050.2	IRF1
Nfe2l2_MOUSE.MA0150.2	Nfe2l2
Sox2_MOUSE.MA0143.3	Sox2
SP1_MOUSE.MA0079.3	SP1
STAT1_MOUSE.MA0137.3	STAT1
STAT3_MOUSE.MA0144.2	STAT3
GATA1::TAL1_MOUSE.MA0140.2	GATA1::TAL1
USF1_MOUSE.MA0093.2	USF1
YY1_MOUSE.MA0095.2	YY1
Bach1::Mafk_MOUSE.MA0591.1	Bach1::Mafk
FOXP2_MOUSE.MA0593.1	FOXP2
Hoxa9_MOUSE.MA0594.1	Hoxa9
SREBF1_MOUSE.MA0595.1	SREBF1
SREBF2_MOUSE.MA0596.1	SREBF2
THAP1_MOUSE.MA0597.1	THAP1
KLF5_MOUSE.MA0599.1	KLF5
Arid3b_MOUSE.MA0601.1	Arid3b
Arid5a_MOUSE.MA0602.1	Arid5a
Arntl_MOUSE.MA0603.1	Arntl
Atf1_MOUSE.MA0604.1	Atf1
Atf3_MOUSE.MA0605.1	Atf3
NFAT5_MOUSE.MA0606.1	NFAT5
Bhlha15_MOUSE.MA0607.1	Bhlha15
Creb3l2_MOUSE.MA0608.1	Creb3l2
Crem_MOUSE.MA0609.1	Crem
DMRT3_MOUSE.MA0610.1	DMRT3
Dux_MOUSE.MA0611.1	Dux
EMX1_MOUSE.MA0612.1	EMX1
FOXG1_MOUSE.MA0613.1	FOXG1
Foxj2_MOUSE.MA0614.1	Foxj2
Gmeb1_MOUSE.MA0615.1	Gmeb1
Hes1_MOUSE.MA1099.1	Hes1
Hes2_MOUSE.MA0616.1	Hes2
Id2_MOUSE.MA0617.1	Id2
LBX1_MOUSE.MA0618.1	LBX1
LIN54_MOUSE.MA0619.1	LIN54
mix-a_MOUSE.MA0621.1	mix-a
Mlxip_MOUSE.MA0622.1	Mlxip
Neurog1_MOUSE.MA0623.1	Neurog1
NFATC1_MOUSE.MA0624.1	NFATC1
NFATC3_MOUSE.MA0625.1	NFATC3
Npas2_MOUSE.MA0626.1	Npas2
Pou2f3_MOUSE.MA0627.1	Pou2f3
POU6F1_MOUSE.MA0628.1	POU6F1
Rhox11_MOUSE.MA0629.1	Rhox11
SHOX_MOUSE.MA0630.1	SHOX
Six3_MOUSE.MA0631.1	Six3
Tcfl5_MOUSE.MA0632.1	Tcfl5
Twist2_MOUSE.MA0633.1	Twist2
ALX3_MOUSE.MA0634.1	ALX3
Ar_MOUSE.MA0007.3	Ar
BARHL2_MOUSE.MA0635.1	BARHL2
BHLHE41_MOUSE.MA0636.1	BHLHE41
CENPB_MOUSE.MA0637.1	CENPB
CREB3_MOUSE.MA0638.1	CREB3
DBP_MOUSE.MA0639.1	DBP
EBF1_MOUSE.MA0154.3	EBF1
EHF_MOUSE.MA0598.2	EHF
ELF3_MOUSE.MA0640.1	ELF3
ELF4_MOUSE.MA0641.1	ELF4
ELF5_MOUSE.MA0136.2	ELF5
EN1_MOUSE.MA0027.2	EN1
EN2_MOUSE.MA0642.1	EN2
Esrrg_MOUSE.MA0643.1	Esrrg
ESX1_MOUSE.MA0644.1	ESX1
ETV6_MOUSE.MA0645.1	ETV6
FLI1_MOUSE.MA0475.2	FLI1
FOXI1_MOUSE.MA0042.2	FOXI1
FOXL1_MOUSE.MA0033.2	FOXL1
FOXO3_MOUSE.MA0157.2	FOXO3
GCM1_MOUSE.MA0646.1	GCM1
GRHL1_MOUSE.MA0647.1	GRHL1
GSC_MOUSE.MA0648.1	GSC
HEY2_MOUSE.MA0649.1	HEY2
HINFP_MOUSE.MA0131.2	HINFP
HLF_MOUSE.MA0043.2	HLF
HNF1A_MOUSE.MA0046.2	HNF1A
HNF1B_MOUSE.MA0153.2	HNF1B
HOXA13_MOUSE.MA0650.1	HOXA13
HOXC11_MOUSE.MA0651.1	HOXC11
HSF1_MOUSE.MA0486.2	HSF1
IRF8_MOUSE.MA0652.1	IRF8
IRF9_MOUSE.MA0653.1	IRF9
ISX_MOUSE.MA0654.1	ISX
JDP2_MOUSE.MA0655.1	JDP2
JDP2(var.2)_MOUSE.MA0656.1	JDP2(var.2)
KLF13_MOUSE.MA0657.1	KLF13
LHX6_MOUSE.MA0658.1	LHX6
MAFG_MOUSE.MA0659.1	MAFG
MEF2B_MOUSE.MA0660.1	MEF2B
MEOX1_MOUSE.MA0661.1	MEOX1
MIXL1_MOUSE.MA0662.1	MIXL1
MLX_MOUSE.MA0663.1	MLX
MLXIPL_MOUSE.MA0664.1	MLXIPL
MSC_MOUSE.MA0665.1	MSC
MSX1_MOUSE.MA0666.1	MSX1
MYF6_MOUSE.MA0667.1	MYF6
NEUROD2_MOUSE.MA0668.1	NEUROD2
NEUROG2_MOUSE.MA0669.1	NEUROG2
NFIA_MOUSE.MA0670.1	NFIA
NFIX_MOUSE.MA0671.1	NFIX
NHLH1_MOUSE.MA0048.2	NHLH1
NKX2-3_MOUSE.MA0672.1	NKX2-3
NKX2-8_MOUSE.MA0673.1	NKX2-8
NKX6-1_MOUSE.MA0674.1	NKX6-1
NKX6-2_MOUSE.MA0675.1	NKX6-2
Nr2e1_MOUSE.MA0676.1	Nr2e1
Nr2f6_MOUSE.MA0677.1	Nr2f6
OLIG2_MOUSE.MA0678.1	OLIG2
ONECUT1_MOUSE.MA0679.1	ONECUT1
PAX4_MOUSE.MA0068.2	PAX4
PAX7_MOUSE.MA0680.1	PAX7
Phox2b_MOUSE.MA0681.1	Phox2b
Pitx1_MOUSE.MA0682.1	Pitx1
POU4F2_MOUSE.MA0683.1	POU4F2
Prrx2_MOUSE.MA0075.2	Prrx2
RUNX3_MOUSE.MA0684.1	RUNX3
Rxra_MOUSE.MA0512.2	Rxra
SP4_MOUSE.MA0685.1	SP4
SPDEF_MOUSE.MA0686.1	SPDEF
SPI1_MOUSE.MA0080.4	SPI1
SPIC_MOUSE.MA0687.1	SPIC
SRF_MOUSE.MA0083.3	SRF
T_MOUSE.MA0009.2	T
TBX2_MOUSE.MA0688.1	TBX2
TBX20_MOUSE.MA0689.1	TBX20
TBX21_MOUSE.MA0690.1	TBX21
TEAD1_MOUSE.MA0090.2	TEAD1
TFAP4_MOUSE.MA0691.1	TFAP4
TFCP2_MOUSE.MA0145.3	TFCP2
TFEB_MOUSE.MA0692.1	TFEB
ZBTB7B_MOUSE.MA0694.1	ZBTB7B
ZBTB7C_MOUSE.MA0695.1	ZBTB7C
ZIC1_MOUSE.MA0696.1	ZIC1
ZIC3_MOUSE.MA0697.1	ZIC3
ZBTB18_MOUSE.MA0698.1	ZBTB18
LBX2_MOUSE.MA0699.1	LBX2
LHX2_MOUSE.MA0700.1	LHX2
LHX9_MOUSE.MA0701.1	LHX9
LMX1A_MOUSE.MA0702.1	LMX1A
LMX1B_MOUSE.MA0703.1	LMX1B
Lhx4_MOUSE.MA0704.1	Lhx4
Lhx8_MOUSE.MA0705.1	Lhx8
MEOX2_MOUSE.MA0706.1	MEOX2
MNX1_MOUSE.MA0707.1	MNX1
MSX2_MOUSE.MA0708.1	MSX2
Msx3_MOUSE.MA0709.1	Msx3
NKX3-2_MOUSE.MA0122.2	NKX3-2
NOTO_MOUSE.MA0710.1	NOTO
Nkx3-1_MOUSE.MA0124.2	Nkx3-1
OTX1_MOUSE.MA0711.1	OTX1
OTX2_MOUSE.MA0712.1	OTX2
PDX1_MOUSE.MA0132.2	PDX1
PHOX2A_MOUSE.MA0713.1	PHOX2A
PITX3_MOUSE.MA0714.1	PITX3
PROP1_MOUSE.MA0715.1	PROP1
PRRX1_MOUSE.MA0716.1	PRRX1
RAX2_MOUSE.MA0717.1	RAX2
RAX_MOUSE.MA0718.1	RAX
RHOXF1_MOUSE.MA0719.1	RHOXF1
Shox2_MOUSE.MA0720.1	Shox2
UNCX_MOUSE.MA0721.1	UNCX
VAX1_MOUSE.MA0722.1	VAX1
VAX2_MOUSE.MA0723.1	VAX2
VENTX_MOUSE.MA0724.1	VENTX
VSX1_MOUSE.MA0725.1	VSX1
VSX2_MOUSE.MA0726.1	VSX2
ESR1_MOUSE.MA0112.3	ESR1
ESRRB_MOUSE.MA0141.3	ESRRB
Esrra_MOUSE.MA0592.2	Esrra
Hnf4a_MOUSE.MA0114.3	Hnf4a
NR2F1_MOUSE.MA0017.2	NR2F1
NR3C1_MOUSE.MA0113.3	NR3C1
NR3C2_MOUSE.MA0727.1	NR3C2
Nr2f6(var.2)_MOUSE.MA0728.1	Nr2f6(var.2)
RARA_MOUSE.MA0729.1	RARA
RARA(var.2)_MOUSE.MA0730.1	RARA(var.2)
BCL6B_MOUSE.MA0731.1	BCL6B
EGR2_MOUSE.MA0472.2	EGR2
EGR3_MOUSE.MA0732.1	EGR3
EGR4_MOUSE.MA0733.1	EGR4
GLI2_MOUSE.MA0734.1	GLI2
GLIS1_MOUSE.MA0735.1	GLIS1
GLIS2_MOUSE.MA0736.1	GLIS2
GLIS3_MOUSE.MA0737.1	GLIS3
HIC2_MOUSE.MA0738.1	HIC2
Hic1_MOUSE.MA0739.1	Hic1
KLF14_MOUSE.MA0740.1	KLF14
KLF16_MOUSE.MA0741.1	KLF16
Klf12_MOUSE.MA0742.1	Klf12
SCRT1_MOUSE.MA0743.1	SCRT1
SCRT2_MOUSE.MA0744.1	SCRT2
SNAI2_MOUSE.MA0745.1	SNAI2
SP3_MOUSE.MA0746.1	SP3
SP8_MOUSE.MA0747.1	SP8
YY2_MOUSE.MA0748.1	YY2
ZBED1_MOUSE.MA0749.1	ZBED1
ZIC4_MOUSE.MA0751.1	ZIC4
ZNF143_MOUSE.MA0088.2	ZNF143
ZNF410_MOUSE.MA0752.1	ZNF410
ZNF740_MOUSE.MA0753.1	ZNF740
CUX1_MOUSE.MA0754.1	CUX1
CUX2_MOUSE.MA0755.1	CUX2
ONECUT2_MOUSE.MA0756.1	ONECUT2
ONECUT3_MOUSE.MA0757.1	ONECUT3
E2F3_MOUSE.MA0469.2	E2F3
E2F7_MOUSE.MA0758.1	E2F7
ELF1_MOUSE.MA0473.2	ELF1
ELK3_MOUSE.MA0759.1	ELK3
ERF_MOUSE.MA0760.1	ERF
ERG_MOUSE.MA0474.2	ERG
ETS1_MOUSE.MA0098.3	ETS1
ETV1_MOUSE.MA0761.1	ETV1
ETV2_MOUSE.MA0762.1	ETV2
ETV3_MOUSE.MA0763.1	ETV3
ETV4_MOUSE.MA0764.1	ETV4
ETV5_MOUSE.MA0765.1	ETV5
FEV_MOUSE.MA0156.2	FEV
GATA5_MOUSE.MA0766.1	GATA5
GCM2_MOUSE.MA0767.1	GCM2
LEF1_MOUSE.MA0768.1	LEF1
Tcf7_MOUSE.MA0769.1	Tcf7
HSF2_MOUSE.MA0770.1	HSF2
HSF4_MOUSE.MA0771.1	HSF4
IRF7_MOUSE.MA0772.1	IRF7
MEF2A_MOUSE.MA0052.3	MEF2A
MEF2D_MOUSE.MA0773.1	MEF2D
MEIS1_MOUSE.MA0498.2	MEIS1
MEIS2_MOUSE.MA0774.1	MEIS2
MEIS3_MOUSE.MA0775.1	MEIS3
MYBL1_MOUSE.MA0776.1	MYBL1
MYBL2_MOUSE.MA0777.1	MYBL2
NFKB1_MOUSE.MA0105.4	NFKB1
NFKB2_MOUSE.MA0778.1	NFKB2
PAX1_MOUSE.MA0779.1	PAX1
PAX3_MOUSE.MA0780.1	PAX3
PAX9_MOUSE.MA0781.1	PAX9
PKNOX1_MOUSE.MA0782.1	PKNOX1
PKNOX2_MOUSE.MA0783.1	PKNOX2
POU1F1_MOUSE.MA0784.1	POU1F1
POU2F1_MOUSE.MA0785.1	POU2F1
POU3F1_MOUSE.MA0786.1	POU3F1
POU3F2_MOUSE.MA0787.1	POU3F2
POU3F3_MOUSE.MA0788.1	POU3F3
POU3F4_MOUSE.MA0789.1	POU3F4
POU4F1_MOUSE.MA0790.1	POU4F1
POU4F3_MOUSE.MA0791.1	POU4F3
POU5F1B_MOUSE.MA0792.1	POU5F1B
POU6F2_MOUSE.MA0793.1	POU6F2
PROX1_MOUSE.MA0794.1	PROX1
RFX2_MOUSE.MA0600.2	RFX2
SMAD3_MOUSE.MA0795.1	SMAD3
TGIF1_MOUSE.MA0796.1	TGIF1
TGIF2_MOUSE.MA0797.1	TGIF2
RFX3_MOUSE.MA0798.1	RFX3
RFX4_MOUSE.MA0799.1	RFX4
RFX5_MOUSE.MA0510.2	RFX5
RUNX2_MOUSE.MA0511.2	RUNX2
EOMES_MOUSE.MA0800.1	EOMES
MGA_MOUSE.MA0801.1	MGA
TBR1_MOUSE.MA0802.1	TBR1
TBX15_MOUSE.MA0803.1	TBX15
TBX19_MOUSE.MA0804.1	TBX19
TBX1_MOUSE.MA0805.1	TBX1
TBX4_MOUSE.MA0806.1	TBX4
TBX5_MOUSE.MA0807.1	TBX5
TEAD3_MOUSE.MA0808.1	TEAD3
TEAD4_MOUSE.MA0809.1	TEAD4
TFAP2A(var.2)_MOUSE.MA0810.1	TFAP2A(var.2)
TFAP2A_MOUSE.MA0003.3	TFAP2A
TFAP2B_MOUSE.MA0811.1	TFAP2B
TFAP2B(var.2)_MOUSE.MA0812.1	TFAP2B(var.2)
TFAP2B(var.3)_MOUSE.MA0813.1	TFAP2B(var.3)
TFAP2C_MOUSE.MA0524.2	TFAP2C
TFAP2C(var.2)_MOUSE.MA0814.1	TFAP2C(var.2)
TFAP2C(var.3)_MOUSE.MA0815.1	TFAP2C(var.3)
Ascl2_MOUSE.MA0816.1	Ascl2
Atoh1_MOUSE.MA0461.2	Atoh1
BHLHE40_MOUSE.MA0464.2	BHLHE40
BHLHE23_MOUSE.MA0817.1	BHLHE23
BHLHE22_MOUSE.MA0818.1	BHLHE22
CLOCK_MOUSE.MA0819.1	CLOCK
FIGLA_MOUSE.MA0820.1	FIGLA
HES5_MOUSE.MA0821.1	HES5
HES7_MOUSE.MA0822.1	HES7
HEY1_MOUSE.MA0823.1	HEY1
ID4_MOUSE.MA0824.1	ID4
MAX_MOUSE.MA0058.3	MAX
MNT_MOUSE.MA0825.1	MNT
OLIG1_MOUSE.MA0826.1	OLIG1
OLIG3_MOUSE.MA0827.1	OLIG3
SREBF2(var.2)_MOUSE.MA0828.1	SREBF2(var.2)
Srebf1(var.2)_MOUSE.MA0829.1	Srebf1(var.2)
TCF3_MOUSE.MA0522.2	TCF3
TCF4_MOUSE.MA0830.1	TCF4
Tcf21_MOUSE.MA0832.1	Tcf21
ATF4_MOUSE.MA0833.1	ATF4
ATF7_MOUSE.MA0834.1	ATF7
BATF3_MOUSE.MA0835.1	BATF3
CEBPB_MOUSE.MA0466.2	CEBPB
CEBPD_MOUSE.MA0836.1	CEBPD
CEBPE_MOUSE.MA0837.1	CEBPE
CEBPG_MOUSE.MA0838.1	CEBPG
CREB3L1_MOUSE.MA0839.1	CREB3L1
Creb5_MOUSE.MA0840.1	Creb5
Mafb_MOUSE.MA0117.2	Mafb
NFE2_MOUSE.MA0841.1	NFE2
NRL_MOUSE.MA0842.1	NRL
TEF_MOUSE.MA0843.1	TEF
XBP1_MOUSE.MA0844.1	XBP1
FOXB1_MOUSE.MA0845.1	FOXB1
FOXC1_MOUSE.MA0032.2	FOXC1
FOXC2_MOUSE.MA0846.1	FOXC2
FOXD2_MOUSE.MA0847.1	FOXD2
FOXO4_MOUSE.MA0848.1	FOXO4
FOXO6_MOUSE.MA0849.1	FOXO6
FOXP3_MOUSE.MA0850.1	FOXP3
Foxj3_MOUSE.MA0851.1	Foxj3
Alx4_MOUSE.MA0853.1	Alx4
Alx1_MOUSE.MA0854.1	Alx1
RXRB_MOUSE.MA0855.1	RXRB
RXRG_MOUSE.MA0856.1	RXRG
Rarb_MOUSE.MA0857.1	Rarb
Rarb(var.2)_MOUSE.MA0858.1	Rarb(var.2)
Rarg_MOUSE.MA0859.1	Rarg
Rarg(var.2)_MOUSE.MA0860.1	Rarg(var.2)
TP63_MOUSE.MA0525.2	TP63
TP53_MOUSE.MA0106.3	TP53
TP73_MOUSE.MA0861.1	TP73
GMEB2_MOUSE.MA0862.1	GMEB2
MTF1_MOUSE.MA0863.1	MTF1
E2F1_MOUSE.MA0024.3	E2F1
E2F2_MOUSE.MA0864.1	E2F2
E2F8_MOUSE.MA0865.1	E2F8
SOX21_MOUSE.MA0866.1	SOX21
SOX4_MOUSE.MA0867.1	SOX4
SOX8_MOUSE.MA0868.1	SOX8
Sox11_MOUSE.MA0869.1	Sox11
Sox1_MOUSE.MA0870.1	Sox1
TFEC_MOUSE.MA0871.1	TFEC
TFAP2A(var.3)_MOUSE.MA0872.1	TFAP2A(var.3)
ELK1_MOUSE.MA0028.2	ELK1
HOXD12_MOUSE.MA0873.1	HOXD12
Arx_MOUSE.MA0874.1	Arx
BARX1_MOUSE.MA0875.1	BARX1
BSX_MOUSE.MA0876.1	BSX
Barhl1_MOUSE.MA0877.1	Barhl1
CDX1_MOUSE.MA0878.1	CDX1
Dlx1_MOUSE.MA0879.1	Dlx1
Dlx3_MOUSE.MA0880.1	Dlx3
Dlx4_MOUSE.MA0881.1	Dlx4
DLX6_MOUSE.MA0882.1	DLX6
Dmbx1_MOUSE.MA0883.1	Dmbx1
DUXA_MOUSE.MA0884.1	DUXA
Dlx2_MOUSE.MA0885.1	Dlx2
EMX2_MOUSE.MA0886.1	EMX2
EVX1_MOUSE.MA0887.1	EVX1
EVX2_MOUSE.MA0888.1	EVX2
GBX1_MOUSE.MA0889.1	GBX1
GBX2_MOUSE.MA0890.1	GBX2
GSC2_MOUSE.MA0891.1	GSC2
GSX1_MOUSE.MA0892.1	GSX1
GSX2_MOUSE.MA0893.1	GSX2
HESX1_MOUSE.MA0894.1	HESX1
HMBOX1_MOUSE.MA0895.1	HMBOX1
Hmx1_MOUSE.MA0896.1	Hmx1
Hmx2_MOUSE.MA0897.1	Hmx2
Hmx3_MOUSE.MA0898.1	Hmx3
HOXA10_MOUSE.MA0899.1	HOXA10
HOXA2_MOUSE.MA0900.1	HOXA2
HOXB13_MOUSE.MA0901.1	HOXB13
HOXB2_MOUSE.MA0902.1	HOXB2
HOXB3_MOUSE.MA0903.1	HOXB3
Hoxb5_MOUSE.MA0904.1	Hoxb5
HOXC10_MOUSE.MA0905.1	HOXC10
HOXC12_MOUSE.MA0906.1	HOXC12
HOXC13_MOUSE.MA0907.1	HOXC13
HOXD11_MOUSE.MA0908.1	HOXD11
HOXD13_MOUSE.MA0909.1	HOXD13
Hoxd8_MOUSE.MA0910.1	Hoxd8
Hoxa11_MOUSE.MA0911.1	Hoxa11
Hoxd3_MOUSE.MA0912.1	Hoxd3
Hoxd9_MOUSE.MA0913.1	Hoxd9
ISL2_MOUSE.MA0914.1	ISL2
ASCL1_MOUSE.MA1100.1	ASCL1
BACH2_MOUSE.MA1101.1	BACH2
CREB1_MOUSE.MA0018.3	CREB1
CTCFL_MOUSE.MA1102.1	CTCFL
FOXK1_MOUSE.MA0852.2	FOXK1
FOXK2_MOUSE.MA1103.1	FOXK2
FOXP1_MOUSE.MA0481.2	FOXP1
GATA2_MOUSE.MA0036.3	GATA2
GATA6_MOUSE.MA1104.1	GATA6
GRHL2_MOUSE.MA1105.1	GRHL2
HIF1A_MOUSE.MA1106.1	HIF1A
KLF4_MOUSE.MA0039.3	KLF4
KLF9_MOUSE.MA1107.1	KLF9
MAFF_MOUSE.MA0495.2	MAFF
MAFK_MOUSE.MA0496.2	MAFK
MITF_MOUSE.MA0620.2	MITF
MXI1_MOUSE.MA1108.1	MXI1
MYC_MOUSE.MA0147.3	MYC
MYB_MOUSE.MA0100.3	MYB
MYCN_MOUSE.MA0104.4	MYCN
NEUROD1_MOUSE.MA1109.1	NEUROD1
NFIC_MOUSE.MA0161.2	NFIC
NFYA_MOUSE.MA0060.3	NFYA
NR1H4_MOUSE.MA1110.1	NR1H4
NR2F2_MOUSE.MA1111.1	NR2F2
NR4A1_MOUSE.MA1112.1	NR4A1
PAX5_MOUSE.MA0014.3	PAX5
PBX2_MOUSE.MA1113.1	PBX2
PBX3_MOUSE.MA1114.1	PBX3
POU5F1_MOUSE.MA1115.1	POU5F1
PRDM1_MOUSE.MA0508.2	PRDM1
RBPJ_MOUSE.MA1116.1	RBPJ
RELB_MOUSE.MA1117.1	RELB
SIX1_MOUSE.MA1118.1	SIX1
SIX2_MOUSE.MA1119.1	SIX2
SOX10_MOUSE.MA0442.2	SOX10
SOX13_MOUSE.MA1120.1	SOX13
TEAD2_MOUSE.MA1121.1	TEAD2
TFDP1_MOUSE.MA1122.1	TFDP1
TWIST1_MOUSE.MA1123.1	TWIST1
USF2_MOUSE.MA0526.2	USF2
ZBTB7A_MOUSE.MA0750.2	ZBTB7A
ZEB1_MOUSE.MA0103.3	ZEB1
ZNF24_MOUSE.MA1124.1	ZNF24
ZNF384_MOUSE.MA1125.1	ZNF384
ZNF282_MOUSE.MA1154.1	ZNF282
ZSCAN4_MOUSE.MA1155.1	ZSCAN4
GATA3_MOUSE.MA0037.3	GATA3
FOS::JUN_MOUSE.MA0099.3	FOS::JUN
FOS::JUN(var.2)_MOUSE.MA1126.1	FOS::JUN(var.2)
FOSB::JUN_MOUSE.MA1127.1	FOSB::JUN
FOSL1::JUN_MOUSE.MA1128.1	FOSL1::JUN
FOSL1::JUN(var.2)_MOUSE.MA1129.1	FOSL1::JUN(var.2)
FOSL2::JUN_MOUSE.MA1130.1	FOSL2::JUN
FOSL2::JUN(var.2)_MOUSE.MA1131.1	FOSL2::JUN(var.2)
JUN::JUNB_MOUSE.MA1132.1	JUN::JUNB
JUN::JUNB(var.2)_MOUSE.MA1133.1	JUN::JUNB(var.2)
FOS::JUNB_MOUSE.MA1134.1	FOS::JUNB
FOSB::JUNB_MOUSE.MA1135.1	FOSB::JUNB
FOSB::JUNB(var.2)_MOUSE.MA1136.1	FOSB::JUNB(var.2)
FOSL1::JUNB_MOUSE.MA1137.1	FOSL1::JUNB
FOSL2::JUNB_MOUSE.MA1138.1	FOSL2::JUNB
FOSL2::JUNB(var.2)_MOUSE.MA1139.1	FOSL2::JUNB(var.2)
JUNB(var.2)_MOUSE.MA1140.1	JUNB(var.2)
FOS::JUND_MOUSE.MA1141.1	FOS::JUND
FOSL1::JUND_MOUSE.MA1142.1	FOSL1::JUND
FOSL1::JUND(var.2)_MOUSE.MA1143.1	FOSL1::JUND(var.2)
FOSL2::JUND_MOUSE.MA1144.1	FOSL2::JUND
FOSL2::JUND(var.2)_MOUSE.MA1145.1	FOSL2::JUND(var.2)
NR1A4::RXRA_MOUSE.MA1146.1	NR1A4::RXRA
NR4A2::RXRA_MOUSE.MA1147.1	NR4A2::RXRA
PPARA::RXRA_MOUSE.MA1148.1	PPARA::RXRA
RARA::RXRG_MOUSE.MA1149.1	RARA::RXRG
RORB_MOUSE.MA1150.1	RORB
RORC_MOUSE.MA1151.1	RORC
SOX15_MOUSE.MA1152.1	SOX15
TFE3_MOUSE.MA0831.2	TFE3
VDR_MOUSE.MA0693.2	VDR
Smad4_MOUSE.MA1153.1	Smad4
EGR1_MOUSE.MA0162.3	EGR1
IRF3_MOUSE.MA1418.1	IRF3
IRF4_MOUSE.MA1419.1	IRF4
IRF5_MOUSE.MA1420.1	IRF5
TCF7L1_MOUSE.MA1421.1	TCF7L1
