Barcode,crabp_pos_crabo_neg
AAACGAACAAGTGGCA-1,
AAACGAACATTCGTCC-1,crabp1-
AAACGAAGTATCGCGC-1,
AAACGAAGTGGTCGAA-1,
AAACGAAGTGTCGTGC-1,
AAACTCGCAAGCAGGT-1,
AAACTGCCACATATCG-1,
AAACTGCCAGACCTGC-1,
AAACTGCCAGCCACGT-1,
AAACTGCCAGTGGTCC-1,
AAACTGCCATGTCCCT-1,crabp1-
AAAGATGAGGCTCAGA-1,
AAAGGATTCCTAAGTG-1,
AAAGGATTCGCGCTGA-1,
AAAGGATTCTTAAGCG-1,crabp1-
AAAGGGCAGAGTTCGG-1,crabp1+
AAAGGGCAGCGTTAGG-1,
AAAGGGCAGGTAGGCT-1,crabp1-
AAAGGGCCAAGGAGGG-1,crabp1+
AAAGGGCCACATCATG-1,
AAAGGGCGTTCCCTTG-1,crabp1+
AAATGAGCACTTTGGA-1,
AAATGAGGTCAAACAA-1,
AAATGAGGTGAAACAT-1,
AAATGCCAGCACCATT-1,
AAATGCCAGCGTTGCC-1,crabp1-
AAATGCCAGTACCACT-1,crabp1+
AAATGCCGTCTAACCA-1,
AAATGCCTCTTGTCGC-1,crabp1+
AACAAAGGTTTCTTAC-1,crabp1+
AACAGTCCACATATCG-1,crabp1-
AACAGTCCACGCCGAT-1,
AACAGTCCACTCGGAC-1,
AACAGTCCACTGGGCT-1,
AACAGTCCAGACCTGC-1,
AACAGTCCAGTGGTCC-1,
AACATCGGTTAGGAAT-1,
AACATCGTCCGAGGAA-1,
AACATCGTCCGGCTGA-1,
AACCAACAGGTACACG-1,
AACCAACAGTTACACC-1,
AACCAACCACTGTCAA-1,
AACCAACGTCTCTGGG-1,
AACCGATAGTATGGGC-1,
AACCGATCACGGTTAT-1,
AACCGATCACGTACAT-1,
AACCGATTCGCATACA-1,
AACCGATTCTGGCGCA-1,
AACCTGAAGACAGCTG-1,
AACCTGAAGGATCCTT-1,
AACCTGAAGGGAGATA-1,
AACCTGACACGTACAT-1,
AACCTGAGTAGTATCC-1,
AACCTGAGTTGTATCG-1,
AACCTTTAGACAGCTG-1,
AACGAGGAGTTAGAGT-1,
AACGGGAAGTTAGAGT-1,
AACGGGACAGGCAGAT-1,
AACGGGACAGGTCCTG-1,
AACGGGACATAGAATG-1,
AACGGGATCATCGCCT-1,
AACGGGATCATTCTCA-1,
AACGGGATCCAGAATC-1,
AACGGGATCCGATTGA-1,
AACGTACAGGCACTAG-1,
AACGTACCACAGGAAC-1,
AACGTACGTGCCCGAT-1,
AACGTACGTTCCTGTC-1,
AACTGTGCAGAAGTGC-1,
AACTGTGCATTCACGA-1,crabp1-
AACTGTGGTCGCTAGC-1,
AACTGTGGTGGCCTTG-1,
AACTGTGGTTGGCGAA-1,
AACTGTGTCCCAGCGA-1,
AACTGTGTCGCTGATA-1,
AACTTGGAGTTACACC-1,crabp1+
AACTTGGCAGATTTGC-1,
AACTTGGCATGTGAGG-1,crabp1+
AACTTGGCATGTGGGA-1,
AACTTGGTCATTCGGA-1,
AAGATAGGTCAGTGTT-1,crabp1+
AAGATAGTCCTAAAGC-1,crabp1-
AAGGAGCAGGAGAACA-1,
AAGGAGCAGTGTAATG-1,
AAGGAGCCATCGTGAT-1,
AAGGAGCTCGGTGATT-1,crabp1-
AAGGTTCAGCGTTGCC-1,
AAGGTTCAGTGTCGCC-1,
AAGGTTCCATAGCCAT-1,crabp1+
AAGGTTCGTGCAAGAC-1,
AATACGCAGGATATCA-1,
AATACGCGTATCCTTT-1,
AATACGCGTCGAGAAC-1,
AATACGCTCAGGCGCT-1,
AATGCCAAGAGAACCC-1,
AATGCCAAGCTACGTT-1,
AATGCCAAGGTTCGTT-1,
AATGCCAAGTGAACCG-1,
AATGGAACAGATTTGC-1,
AATGGCTAGCGTCAAG-1,
AATGGCTGTCCCTAAA-1,
AATGTCGAGCTAGTTC-1,
AATGTCGCAAGACTAA-1,
AATGTCGCACGACGAA-1,
AATGTCGTCTCTCAAT-1,
ACAAACCCAGCGCGTT-1,
ACAAACCCATCGACCG-1,crabp1+
ACAAACCCATCTCACC-1,
ACAAACCTCGCTATTT-1,crabp1-
ACAAACCTCTGAGTAC-1,
ACAAAGAAGGACCGAT-1,
ACAAAGAAGTACAGAT-1,
ACAAAGAGTTATAGAG-1,
ACAAGCTAGCATTCCA-1,
ACAAGCTAGTAGGTCG-1,crabp1+
ACAAGCTCAACGCAAG-1,
ACAAGCTGTCATCAAC-1,
ACAAGCTGTTCATTTC-1,
ACAATCGAGCCTGGTC-1,
ACAATCGCAAGGAGTC-1,crabp1+
ACAATCGCACCACAGC-1,
ACAATCGGTCCAAGAG-1,
ACAATCGTCAGTGGTT-1,
ACAATCGTCGGTGATT-1,
ACAATCGTCTGAGTCA-1,
ACAGAAAAGTTCAACC-1,
ACAGAAAAGTTGCCGC-1,
ACAGAAACACAGTAGG-1,
ACAGAAACACTAGCCG-1,
ACAGAAACATTAGCAC-1,
ACAGAAATCCCAGCGA-1,crabp1+
ACAGAAATCTAAGGTC-1,
ACAGACTCACGCGACT-1,
ACAGACTCATCATAGC-1,
ACAGACTGTGATAGAT-1,
ACAGACTTCACCCGGA-1,crabp1-
ACAGACTTCCTTGACC-1,
ACAGACTTCGGTCGAC-1,crabp1-
ACAGCGCTCGGCTATA-1,
ACAGGCCAGTAGTGTA-1,
ACAGGCCGTTAACTCG-1,
ACAGGCCGTTCTGATG-1,
ACAGGCCGTTGGGAAC-1,
ACATGCATCGCGGCAT-1,
ACATGGTAGCACCATT-1,
ACATGGTAGTACCACT-1,crabp1-
ACATGGTAGTTCGCGC-1,
ACATGGTTCGTTGTTT-1,
ACCAAACAGTATGGGC-1,
ACCAAACAGTCCTTCC-1,
ACCAAACTCAATTCCT-1,crabp1-
ACCAAACTCTATAGGC-1,
ACCCAAACAAATGCTC-1,
ACCCAAACACATAAAG-1,
ACCCAAACACATGATC-1,
ACCCAAATCCCACGGA-1,
ACCCAAATCCGATTGA-1,
ACCGAATCAGGATAGC-1,crabp1+
ACCGCAGTCGGTCGAC-1,
ACCGGGTTCGTTGTAG-1,
ACCTGCTCAATAGTGA-1,
ACCTGCTTCATTCTTG-1,crabp1-
ACGGATTGTCGATTAC-1,
ACGGATTGTGAGGGTT-1,
ACGTGGCAGCATTCCA-1,crabp1-
ACGTGGCCACCAAGGA-1,
ACGTTAGGTCGTAGTT-1,crabp1+
ACTAACGAGAGAGTAG-1,
ACTAACGAGTGCTAGG-1,
ACTAACGTCACGGGTC-1,
ACTACCCAGTGAACCG-1,
ACTACCCCAGGGTACA-1,
ACTACCCGTGAATCGG-1,
ACTACCCGTTCTTTCA-1,crabp1-
ACTACCCTCAACTTGG-1,
ACTACCCTCGTTCCGT-1,crabp1+
ACTACGAAGGGATCCA-1,
ACTACGACAGCCGAAA-1,
ACTACGACATCCGTAA-1,crabp1-
ACTACGAGTCCTATTT-1,
ACTACGAGTGTGACCC-1,
ACTACGAGTTGAATAG-1,
ACTAGGTGTCATCGTA-1,
ACTATTCAGAGGAACA-1,crabp1-
ACTATTCAGGAGAACA-1,
ACTATTCGTCAGTGTT-1,
ACTATTCGTGGTAAGC-1,
ACTCGGGCAGAGAGAA-1,
ACTGCAACAAGCGTCC-1,crabp1+
ACTGCAACACCGATCG-1,
ACTGCAACATTCGTCC-1,
ACTGCAAGTCATAGAA-1,crabp1-
ACTGCAAGTCGCTAGC-1,
ACTGCAAGTGATCAGG-1,
ACTGCGGTCAGGCCGT-1,
ACTGCGGTCCCAGCAG-1,
ACTGCGGTCCCAGCGA-1,
ACTGTCCCAAGTTCGT-1,
ACTGTCCGTGGACGAT-1,
ACTGTCCTCGTGTGCG-1,
ACTTCCGCAAGGCTTT-1,
ACTTCCGCAGGGCTTC-1,
ACTTCCGGTCCGTAGC-1,crabp1-
ACTTTCAAGATGGGAA-1,
AGACAAATCCAATCCC-1,
AGACAAATCCTGACCT-1,
AGACAAATCTGGGCGT-1,
AGATAGATCCACGAGC-1,
AGATAGATCGTGGGTC-1,crabp1-
AGATAGATCTATGAGC-1,crabp1-
AGATTCGGTGGACAGT-1,
AGATTCGTCTATCTAC-1,crabp1-
AGCCAGCAGAGGTCCA-1,
AGCCAGCAGATCACCT-1,
AGCCAGCAGCGAGAAA-1,crabp1+
AGCCAGCAGGTCACTT-1,crabp1+
AGCCAGCCATAGAATG-1,
AGCCAGCGTTTCAGCA-1,
AGCCAGCTCATTCTCA-1,
AGCCAGCTCATTCTTG-1,
AGCCAGCTCTTACTCA-1,
AGCCCGAGTAGTACAA-1,
AGCCCGAGTGAGTCGA-1,crabp1-
AGCCCGAGTGGACGAT-1,
AGCCCGAGTTCTACCC-1,
AGCCGCATCACTACCC-1,
AGCCGCATCCATCATT-1,crabp1+
AGCCGCATCGATCTTT-1,
AGCCTGGAGATCTAAG-1,
AGCCTTCAGCGCAATG-1,crabp1-
AGCCTTCTCCGGACTG-1,
AGCCTTCTCGAAGCCC-1,
AGCGATTCACTGGGCT-1,
AGCGTATCACTCCTCA-1,
AGCGTATTCGTGGAAG-1,
AGCGTATTCTAGCAGT-1,
AGCGTGCGTTCCCTTG-1,
AGCTATGAGAGCGAAA-1,
AGCTATGAGGGCGAAG-1,
AGCTATGTCGCTGATA-1,
AGCTGATAGGGAGATA-1,
AGCTGATGTGCTGGCT-1,
AGCTGATTCTCGGCGA-1,
AGCTGGCGTAGGTAAT-1,
AGCTGGCGTGCTAGTT-1,
AGCTGGCTCCAACAAC-1,
AGCTGGCTCTTGTACT-1,crabp1-
AGGACGAGTGCCCGAT-1,
AGGACGATCAGGGTTT-1,
AGGACGATCGGAAAGC-1,
AGGCCCAGTTCTTTGT-1,
AGGCCTGTCTCTATTG-1,
AGGCGAAAGAGGTGGG-1,
AGGCGAAAGATGGGAA-1,
AGGCGAAAGCCTATAC-1,
AGGCGAACAATCATCG-1,
AGGCGAAGTAATGTGA-1,
AGGCGTCAGCATTGGG-1,crabp1-
AGGCGTCCAAAGCTGG-1,crabp1+
AGGCGTCTCCGGCTGA-1,
AGGCGTCTCGCGTTCT-1,
AGTCAACCATCCGTGG-1,
AGTCAACTCGTGGGTC-1,
AGTCAACTCTCTTCTC-1,
AGTCCGGAGATGGGAA-1,
AGTCCGGAGCCTATAC-1,
AGTCCGGAGGAGTAGA-1,
AGTCCGGAGGGTTCTT-1,
AGTCCGGAGTATGGGC-1,
AGTCCGGCAAACCTAC-1,
AGTCCGGCACTAGCCG-1,
AGTCCGGGTTAACCGT-1,
AGTCCGGGTTAAGGGC-1,
AGTGCCGAGTCGCCTG-1,crabp1+
AGTGCCGGTCAATCCA-1,crabp1+
AGTGTACCACTGATAC-1,
AGTTACGGTGCTTTGA-1,
AGTTTGGAGTACCTCA-1,crabp1-
ATAGGCTCAATTAGGA-1,
ATAGGCTCAGGATGTG-1,
ATAGGCTTCCGGAAAG-1,
ATAGGCTTCTCCAACC-1,
ATAGTCGCACCTGAAT-1,
ATAGTCGCACGCTAAT-1,
ATAGTCGCATTTAGGC-1,crabp1-
ATATTCCAGATGGGAA-1,
ATATTCCAGCCTATAC-1,
ATATTCCAGGAGTCTG-1,
ATATTCCCAAAGCATA-1,crabp1-
ATATTCCCAGGTCTGC-1,crabp1+
ATATTCCTCTCGCGGA-1,
ATCCAGACAAGGAGGG-1,
ATCCAGAGTATACGCT-1,
ATCCAGATCAGTGTAC-1,crabp1+
ATCCCTGCATCCATAG-1,
ATCCCTGGTCTGTCCT-1,
ATCCTCGAGAAGGGCG-1,
ATCCTCGAGCCTGGTC-1,
ATCGAGTAGCCGCAAA-1,
ATCGAGTCATGTGAGG-1,
ATCGAGTCATGTGGGA-1,
ATGCATGAGAACTCCT-1,crabp1+
ATGCATGCACATATCG-1,
ATGCATGGTATTGTCG-1,
ATGCATGGTGTTGTTG-1,crabp1+
ATGGATCTCCAACAAC-1,crabp1+
ATGTACGAGAAATGGG-1,
ATGTACGAGACTAATG-1,
ATGTACGAGAGTAAGG-1,
ATGTACGGTACGCCCA-1,
ATGTACGGTCGTAGTT-1,
ATGTACGGTGACGCAA-1,crabp1+
ATGTACGGTGCACCCA-1,crabp1-
ATGTACGGTGGTACTT-1,
ATGTACGGTGGTTCTA-1,
ATGTACGTCCATTGTT-1,
ATGTCGAGTGCCCTAG-1,
ATGTCTTAGACAGCTG-1,
ATGTCTTAGATGGGAA-1,
ATGTCTTAGCAGAGCT-1,
ATGTCTTAGGATCCTT-1,crabp1-
ATGTCTTAGGGAGATA-1,
ATGTCTTAGTTCAGGG-1,crabp1+
ATGTCTTCACTACACA-1,
ATGTCTTCAGATAAGT-1,
ATGTCTTCATTACACG-1,crabp1-
ATGTCTTGTAGAACGC-1,crabp1+
ATGTCTTTCGCATACA-1,crabp1-
ATGTTTCCAAGCGAAC-1,
ATGTTTCCACGCGATC-1,crabp1+
ATTACCTGTGGTACTT-1,
ATTACCTTCTGACATG-1,crabp1+
ATTACCTTCTGACTTT-1,
ATTACTCTCCCAATAG-1,
ATTACTCTCGATAGGG-1,
ATTACTCTCGGGAAAC-1,
ATTACTCTCTTCTTCC-1,
ATTCGTTGTAATGCAA-1,
ATTCGTTGTTGTGAGG-1,
ATTCGTTGTTTCGTTT-1,
ATTCGTTTCTCTGCGT-1,
ATTGTCTAGATAGGTT-1,
ATTGTCTCAACCTCCT-1,
ATTGTCTGTCTTAGCA-1,
ATTGTGGCAGGCAGAT-1,
ATTGTGGGTATTCACG-1,
ATTGTGGGTCTGCACG-1,
ATTGTGGGTGATAACA-1,
ATTGTGGGTTCATTTC-1,
ATTGTGGTCAGAATGA-1,
ATTGTGGTCCGATTGA-1,
ATTTGTCAGAGGCAGG-1,
ATTTGTCAGGTCGGTA-1,
CAAAGCTAGTAGGTCG-1,
CAAAGCTCAGGCATTT-1,
CAAAGCTTCGTTCTAT-1,crabp1-
CAACCAAAGATCCGAG-1,
CAACCAACACTGTCAA-1,
CAACCAATCAACTTGG-1,
CAACCAATCGGATAGG-1,
CAACGTACACAGGAAC-1,
CAACGTAGTATCACAC-1,
CAACGTAGTATTCTCT-1,
CAACGTAGTCACCCGA-1,
CAACGTAGTCGCGCTA-1,
CAACGTAGTCTGAGCC-1,
CAACGTAGTGACCAGA-1,
CAACGTAGTGGTAGAC-1,
CAACGTAGTTGGCTAT-1,
CAAGAAAAGCGCACAA-1,
CAAGAAACAATGGTCT-1,crabp1-
CAAGAAAGTAGAGAGA-1,
CAAGAAAGTCCATTGA-1,
CAAGAAAGTGCACTTA-1,
CAAGAAATCAGTTGAC-1,
CAAGAAATCGAGAAGC-1,crabp1-
CAAGAAATCTGTTGCC-1,crabp1+
CAAGCTAGTTCCTGTC-1,crabp1+
CAAGGCCAGAGAACCC-1,
CAAGGCCAGAGTGGTC-1,
CAATCCCCAAGCAATA-1,crabp1+
CAATCCCGTTACGGAG-1,crabp1-
CAATCCCGTTGCTTGA-1,
CAATCCCTCACAACAC-1,
CAATCCCTCGATGCAT-1,crabp1-
CAATCCCTCGGTGATT-1,
CACAACAAGTGCTAGG-1,
CACAACAGTAGTGATA-1,
CACAACAGTGGCATAG-1,
CACAACAGTGGTGGTA-1,
CACAACATCAGGATCT-1,
CACAACATCGGGATCC-1,
CACAACATCTTGTCGC-1,
CACAGATAGTTGACAA-1,
CACAGATGTACGGAGT-1,
CACATGACAATAGTGA-1,
CACATGACACGTACAT-1,
CACATGAGTACATGGG-1,
CACATGAGTCATCAAC-1,
CACATGATCACTCGGG-1,
CACATGATCAGGGTTT-1,
CACATGATCCCGTAGG-1,
CACATGATCCGCTATC-1,
CACATGATCGCTATAG-1,crabp1-
CACATGATCGGGAAAC-1,
CACATGATCTTGGCCT-1,
CACCACTAGGAGAACA-1,
CACCACTAGGCAATTA-1,crabp1-
CACCTGTAGGTGAACC-1,
CACCTGTGTCTGGTTA-1,
CACCTGTTCCTCCAGT-1,
CACCTGTTCTTCCAGC-1,
CACCTTGAGAGAGGTA-1,
CACCTTGAGTCGAAAT-1,
CACGTTCCAGGTCTGC-1,
CACGTTCCATCGACGC-1,
CACTAAGAGGAGTAGA-1,
CACTAAGAGTATGGGC-1,
CACTAAGTCGGATAGG-1,
CACTGAAAGATCGAGC-1,
CACTGAAAGGAAGAAC-1,crabp1-
CACTGAAAGTTCGCGC-1,
CACTGAACAGGCAGAT-1,
CACTGAATCAGATACC-1,
CAGCCTTAGATCGCCC-1,
CAGCCTTAGCCTATAC-1,
CAGCCTTCACGGTTAT-1,
CAGCCTTGTAGAAGCC-1,
CAGCCTTTCGCTATAG-1,
CAGCTAAAGAACGCCA-1,
CAGCTGGCATGTGAGG-1,
CAGCTGGGTTTCAGCA-1,crabp1+
CAGGATTGTCCCGTGA-1,
CAGGATTGTTCCGCGA-1,
CAGTATGGTAACGGTG-1,crabp1-
CAGTATGTCGCCGAAC-1,
CAGTGCGGTCAGTGTT-1,
CAGTGTAAGGTTGTTC-1,
CAGTGTATCAGAGTGG-1,
CAGTGTATCCCGAAGC-1,
CATAACGAGGATTAAC-1,
CATAACGAGTCTGGGA-1,
CATAACGGTGTCGGTC-1,
CATAACGTCCAAGAGG-1,
CATGCCTAGACTCGGA-1,
CATGCCTAGGCTCAGA-1,
CATGCCTAGTTGCTTG-1,
CATGCCTTCTTACTCA-1,
CATGTTTAGATAGGTT-1,crabp1+
CATGTTTCACGCGATC-1,
CATGTTTGTATCTGCA-1,crabp1-
CATGTTTGTCTTAGCA-1,
CATGTTTTCCGGAAAG-1,
CATTCATAGCCTTTGA-1,crabp1+
CATTCATAGGACTAGC-1,
CATTCATAGGATTTGA-1,
CATTCCGAGTCGAGCA-1,
CATTCCGCAACATAAG-1,crabp1-
CATTCCGCACAATAAG-1,
CATTCCGCACTTTGGA-1,
CATTCCGCAGAATGCG-1,
CATTCCGGTACTAGAA-1,crabp1-
CATTCCGGTCCGTAGC-1,
CATTCCGGTCGTCGCA-1,crabp1-
CCAATGAAGGGTATCG-1,crabp1-
CCAATGACAATGATGA-1,crabp1+
CCAATGACATGGTTTG-1,
CCAATGACATTGATGC-1,
CCAATGAGTGAAACAT-1,
CCAATGATCCGATGCG-1,
CCAATGATCCTGTGGG-1,
CCAATGATCTATCTCA-1,
CCACAGGCAAATTCCG-1,crabp1+
CCACGTTCACATTCTT-1,
CCACGTTTCTGGCTAA-1,
CCAGAATGTAGAAGCC-1,
CCAGAATTCCGGCTGA-1,
CCAGAATTCGGGCTCA-1,crabp1+
CCAGATAAGATCTAAG-1,
CCAGATATCGGATGTT-1,crabp1+
CCAGATATCGGTTGTA-1,
CCAGATATCGTTCCGT-1,
CCAGATATCTGATCTT-1,
CCATACCAGGGTCCCT-1,
CCATACCGTTTCAGCA-1,crabp1-
CCCACATAGATTACGA-1,crabp1+
CCCACATGTTGTCGGC-1,
CCCACATTCGCGATGC-1,
CCCGTTAAGATTCCGT-1,
CCCGTTAAGTGAATAC-1,
CCCGTTAGTTTGCGAT-1,
CCCTAACAGACACTTC-1,
CCCTAACAGTATGGGC-1,
CCCTAACCAACGTCGC-1,
CCCTAACTCCCACGGA-1,
CCCTAACTCTGATCCC-1,
CCCTAACTCTTGTCGC-1,crabp1+
CCCTAACTCTTTGCAT-1,
CCCTAGTCAAACCCTA-1,
CCCTAGTCAAAGAAGG-1,
CCCTAGTCAAAGACGC-1,
CCCTAGTCAACTGCGC-1,
CCCTAGTCAAGACTTC-1,
CCCTAGTCAAGTCTGT-1,
CCCTAGTCACAGTAGG-1,
CCCTAGTCACCTGGTG-1,
CCCTAGTCACGAACGA-1,
CCCTAGTCACTCGGAC-1,
CCCTAGTCACTGGGCT-1,
CCCTAGTCAGAACAGC-1,
CCCTAGTCAGATGGCA-1,crabp1+
CCCTAGTCAGGACCTC-1,
CCCTAGTCAGTTCGGC-1,
CCCTAGTCATCGGCCA-1,
CCCTAGTCATGACTGT-1,
CCCTAGTCATGCTATG-1,
CCCTAGTCATGGCCCA-1,
CCCTAGTCATGTAGAA-1,
CCCTAGTGTGACCAGA-1,crabp1-
CCCTAGTTCCGATTGA-1,
CCCTCTCGTGAGGGTT-1,crabp1-
CCCTCTCGTGGTGGTA-1,
CCCTCTCGTTTCAGCA-1,
CCCTGATCAAGCGACA-1,
CCCTGATCACCGTTGG-1,crabp1-
CCGAAGCCATGCGTTA-1,
CCGAAGCTCGGTACTA-1,crabp1+
CCGCATTAGTTGCGCC-1,
CCGCATTCAAATGTCC-1,crabp1+
CCGCATTCAGGTGTCC-1,
CCGCATTCATCTGCAA-1,crabp1+
CCGTACTTCCAATCCC-1,
CCGTGAGAGAGTTTGA-1,
CCGTGAGTCGGATAGG-1,
CCGTGAGTCTGTCGGG-1,
CCTAAAGGTACCGGCT-1,
CCTAAAGGTGCTGGCT-1,
CCTAAAGGTGTCTCGG-1,
CCTAAAGTCACAACAC-1,
CCTATTATCAGTGTGT-1,
CCTCCCTAGTCCGTGC-1,
CCTCCCTAGTGTTCCA-1,
CCTGGGAGTAGCGTTT-1,
CCTGGGATCTTAATCC-1,
CCTTAATAGACACTTC-1,
CCTTAATAGGCGCTTC-1,
CCTTAATTCGGCAATT-1,crabp1-
CCTTGCAAGACTCGGA-1,crabp1+
CCTTGCACAACGTAGG-1,crabp1-
CCTTGCACAACGTCGC-1,crabp1+
CCTTGCATCCGATTGA-1,
CCTTGGTCACCCATCT-1,
CGAGTTATCGAGGTCC-1,
CGAGTTATCTCTATCA-1,
CGAGTTATCTGATCCC-1,
CGATGATAGCGCAATG-1,
CGATGATCAAGATGCG-1,
CGATGATCAGAATGCG-1,crabp1+
CGATGATGTCTCAAAC-1,
CGATGATGTTGAATAG-1,
CGATGATTCTGAGTCA-1,
CGCAATAAGGTTAGTA-1,
CGCAATAGTACTTGAC-1,
CGCACAGCAACGCAAG-1,
CGCAGGTAGAATACTG-1,
CGCAGGTAGCTGCCAC-1,
CGCAGGTAGGTGATGC-1,
CGCAGGTTCATCGCAA-1,crabp1-
CGCAGGTTCGCACCGA-1,crabp1-
CGCAGGTTCGCTCTAC-1,crabp1+
CGCAGGTTCTGTAGAC-1,
CGCGCAAAGGGCTCTC-1,crabp1-
CGCTAGGAGTGGGACT-1,
CGCTAGGAGTTCAGGG-1,
CGCTAGGCACCTGGTG-1,
CGCTAGGGTAGCTGTT-1,
CGCTAGGGTCTCTAAG-1,
CGCTAGGTCGTCCCTA-1,
CGCTATCCAGGATGTG-1,
CGCTATCGTACGACCC-1,crabp1-
CGCTATCGTAGACGCA-1,
CGCTATCGTCAAATCC-1,
CGCTATCGTCGATAGG-1,
CGCTATCGTCGCTAGC-1,
CGCTATCGTGGTAGAC-1,
CGCTATCGTTCAGAAA-1,
CGCTATCTCCGAGGAA-1,crabp1-
CGCTATCTCCGGCTGA-1,
CGCTATCTCGGACGAA-1,
CGCTGGAAGCTTTCCC-1,
CGCTGGAAGTAGGAAG-1,
CGCTGGACAATCATCG-1,
CGCTGGATCTTGGCCT-1,
CGGACCAAGGGAGATA-1,
CGGACCAAGTATGGGC-1,
CGGACCAAGTTATGAG-1,
CGGACCAGTCTCTGGG-1,
CGGACCATCCCAATGA-1,
CGGACCATCTGTGTCC-1,
CGTAAACAGGAGTAGA-1,crabp1-
CGTAAACAGTATGGGC-1,crabp1+
CGTAAACAGTCTGGGA-1,
CGTAAACCAATTAGGA-1,
CGTAAACGTAACTCCA-1,crabp1+
CGTAAACGTGGCGCTT-1,
CGTAAACTCCAACCTC-1,
CGTACAAAGAGAAGCA-1,
CGTACAAAGAGCAGCT-1,
CGTACAAAGCTGATTC-1,
CGTACAACAAGCACTT-1,crabp1-
CGTACAACACTGATAC-1,
CGTACAATCCTCCCAA-1,
CGTGGCAAGTTATGAG-1,
CGTGGCACAACGGACA-1,
CGTGGCAGTTTGAAGA-1,
CGTGGCATCGCTCGGA-1,
CGTGGCATCTGTAGAC-1,
CGTTCCAAGACAGCTG-1,
CGTTCCAAGATGGGAA-1,
CGTTCCAAGCAGAGCT-1,
CGTTCCAAGGATCCTT-1,
CGTTCCAAGGGAGATA-1,
CGTTCCAAGTTCAGGG-1,
CGTTCCAGTATCTAGC-1,crabp1-
CTAACTTCAAAGAGAG-1,
CTAACTTGTGCGTAGA-1,
CTAACTTGTGCTTACA-1,
CTAACTTTCCTAAGTG-1,
CTACAGATCACAACAC-1,crabp1-
CTACAGATCCAGGTAT-1,crabp1-
CTACAGATCCGTACGG-1,
CTAGCGGAGCGTCTGC-1,crabp1-
CTAGCGGAGTGAATAC-1,
CTAGGATAGCATTCCA-1,
CTAGGATAGGAGAACA-1,
CTAGGATGTAAACCCT-1,
CTAGGATGTCAATACC-1,
CTAGGATGTCCGTAGC-1,
CTAGGATGTCTGGGAA-1,
CTAGGATGTGCATTGT-1,crabp1-
CTAGGATGTGTTGGTT-1,
CTAGGATGTTAGGAGC-1,crabp1-
CTAGGATTCGTGCTTC-1,crabp1-
CTAGGGCAGAAATCTG-1,
CTAGGGCAGATCGAGC-1,
CTAGGGCAGATGGGAA-1,
CTAGGGCAGCCTATAC-1,
CTAGGGCAGTGAAGGA-1,
CTAGGGCCACGTACAT-1,
CTAGGGCCACTAGCCG-1,
CTAGGGCCATTGCGAT-1,
CTCAACCCACCGAAAG-1,
CTCAACCCAGGTAACG-1,
CTCAACCGTGGTCGAA-1,crabp1+
CTCAACCGTTGTATCG-1,
CTCACCAAGGTGTCGA-1,
CTCACCAAGTGAAGGA-1,
CTCACCAAGTGTAATG-1,crabp1-
CTCACCACAGGCAGAT-1,
CTCACCATCCCACGGA-1,
CTCACCATCTGATCCC-1,
CTCAGAACACAGTTAC-1,crabp1+
CTCAGAACACAGTTCA-1,
CTCAGAACATCCCAAA-1,
CTCAGAAGTCCCTAAA-1,
CTCAGCTAGTCGCCTG-1,
CTCAGCTCACGCTAAT-1,
CTCAGCTCAGGGTAAC-1,
CTCAGCTTCCAAGTCA-1,
CTCAGCTTCCCACGGA-1,
CTCAGCTTCTGAGTCA-1,crabp1-
CTCATGCAGTCATACC-1,crabp1+
CTCATGCCAGGATGTG-1,
CTCATGCCATCAACTG-1,crabp1-
CTCATGCTCAGTGTAC-1,crabp1-
CTCCCAAAGACGCCCT-1,
CTCCCAAAGAGGTGGG-1,
CTCCCAAAGGGCTTCC-1,
CTCCCAAAGTCCGTGC-1,crabp1+
CTCCCAAAGTGAGTTA-1,crabp1+
CTCCCAACAGGGAGTT-1,crabp1-
CTCCCAATCACATTCT-1,
CTCCCAATCCTCATTA-1,
CTCGCTACACCTGGTG-1,
CTCGCTACACTGGGCT-1,
CTCGCTACAGGACCTC-1,
CTCGCTACATGGCCCA-1,
CTCGCTACATTTGGTG-1,
CTCTACGAGAAGACTT-1,
CTCTCAGCAACTGCGC-1,
CTCTCAGCATCCCTCA-1,
CTCTCAGTCACTAGCA-1,
CTCTCAGTCCAGGTAT-1,
CTCTCGACAAGGAACC-1,
CTCTCGACATGGTATC-1,
CTGAATGCATGTGAGG-1,
CTGCGTTAGGTCTTTG-1,
CTGCGTTGTATTCGCA-1,
CTGCGTTGTCTGCGCA-1,crabp1+
CTGCGTTTCCCGTAGG-1,
CTGCTCAAGCATACCT-1,
CTGCTCAAGGCACTAG-1,
CTGCTCAAGGCAGATC-1,
CTGCTCAAGGGAAATG-1,
CTGCTCAAGGTAGGCT-1,
CTGCTCAAGTCTCTAG-1,
CTGCTCACACATGATC-1,
CTGCTCACAGCGTACC-1,
CTGCTCAGTAGCTGTT-1,crabp1-
CTGCTCAGTCGAGAAC-1,crabp1-
CTGCTCAGTTGGGAAC-1,
CTGGCAGGTTAACCGT-1,crabp1+
CTGGCAGGTTAAGGGC-1,
CTGGGACAGTATGGGC-1,crabp1-
CTGGGACTCCATGACA-1,
CTGGGACTCCTATCCG-1,
CTGTATTTCGAACACT-1,
CTGTTCGAGAGCAGCT-1,
CTGTTCGAGCTGATTC-1,
CTGTTCGCAAGCACTT-1,crabp1-
CTGTTCGCACTGATAC-1,
CTGTTCGCATCCGTAA-1,
CTGTTCGTCCTCCCAA-1,crabp1+
CTTAATCTCGAGGTAG-1,crabp1+
CTTCCAGTCCGGACTG-1,crabp1+
CTTCTAACACAAGGGT-1,
CTTCTAAGTATTGTCG-1,
CTTGAAGAGGCCTCTG-1,
CTTGCTGAGAGAAGCA-1,
CTTGCTGAGGCTGGAT-1,
CTTGCTGGTCGCTAGC-1,
CTTGCTGGTGGCCTTG-1,
CTTGCTGGTGTTGTTG-1,
CTTGCTGTCCAACCTC-1,
CTTGCTGTCGAACCGC-1,
CTTGTCGCACTCGGAC-1,
CTTTGCGCAAACTACC-1,
CTTTGCGCAACTCCCT-1,
CTTTGCGGTAGATTAG-1,
CTTTGCGGTGATCAGG-1,crabp1+
CTTTGCGTCTGACTTT-1,
GAAACAAAGGCTAAAT-1,crabp1+
GAAACAAAGTCGAAAT-1,
GAAAGTAAGGTTAGTA-1,
GAAAGTATCCCACGGA-1,
GAAATGAAGAGTGGAA-1,
GAAATGAAGCTGAAAT-1,
GAAATGAAGGTACTCT-1,
GAAATGAAGTACTCTG-1,
GAACCGCGTAGCCATT-1,
GAACCGCGTATCACAC-1,
GAACCGCGTCGCGCTA-1,
GAACCGCGTCTGAGCC-1,
GAACCGCTCAAGGCCC-1,crabp1+
GAACCTACACTCGTGG-1,
GAACCTATCCGTCAAA-1,
GAACGTTAGAGCTCCC-1,
GAACGTTAGTTGACAA-1,
GAACGTTCAGTTGGAG-1,
GAACTTGGTAACCCAT-1,
GAACTTGGTAATGCCT-1,
GAACTTGGTCAGACGA-1,
GAACTTGGTCATGAGG-1,
GAACTTGGTCGAGGAT-1,
GAACTTGGTGAGGTCA-1,
GAACTTGGTTGGAGGT-1,
GAACTTGGTTTAGAAG-1,
GAACTTGTCCGATTGA-1,
GAAGAGCTCGCCCTTA-1,
GAAGTCTCAATCATCG-1,
GAAGTCTCATCAACTG-1,
GAAGTCTGTAGAGAGA-1,crabp1+
GAAGTCTGTGGAAAGA-1,
GAAGTGGAGATGTTGA-1,
GAAGTGGCATGGGAAC-1,
GAAGTGGGTCTGGTCG-1,
GAAGTGGTCTATCTAC-1,crabp1+
GAATCTGAGCCATGGA-1,
GAATCTGTCGACTATG-1,
GACCAATAGGTAGGAA-1,
GACCAATGTTCTTTGT-1,
GACCCAGAGTATAGTG-1,
GACCCAGCAAGTTCGT-1,
GACCCAGCACGTTAGT-1,
GACCCAGTCAGTGTAC-1,
GACCCAGTCTGAGTAC-1,crabp1-
GACCCAGTCTTTCGAT-1,crabp1-
GACCGACAGAGCGGTT-1,
GACCTTCAGGATGCCA-1,crabp1-
GACCTTCGTATCAGCT-1,
GACCTTCGTGCGCTCA-1,
GACCTTCGTTTGTGAC-1,
GACCTTCTCAAGGCCC-1,crabp1-
GACCTTCTCCTAAAGC-1,
GACTAACCAAACCTAC-1,
GACTAACGTTATGCAC-1,
GACTAGTCACAGCTTA-1,
GACTAGTCATGCCTTC-1,crabp1+
GACTAGTGTGGCCTCA-1,crabp1+
GACTAGTGTTGCCGCA-1,
GAGAACGCAAGACTAA-1,
GAGAACGGTATTGTCG-1,crabp1-
GAGAACGGTCAGAAGC-1,
GAGAACGGTGACAAGC-1,crabp1+
GAGACTTAGACAGCTG-1,
GAGACTTAGGCCTCTG-1,crabp1-
GAGACTTAGTATGGGC-1,
GAGACTTGTGATGTGG-1,
GAGATTCCAACCTCCT-1,
GAGATTCCAGTAGTCT-1,
GAGCATTCAATGTAAG-1,
GAGCATTTCCGGGCAT-1,
GAGCATTTCGCGGCAT-1,crabp1+
GAGCGCTTCTCTTCCT-1,
GAGGATGAGGGCATTG-1,crabp1+
GAGGATGTCTGGCTAA-1,
GAGGCTCGTACCGGCT-1,
GAGGTCCAGAACGTCG-1,crabp1-
GAGGTCCGTCAGAAAT-1,
GAGGTCCTCGGACGAA-1,
GAGGTCCTCGGCAATT-1,
GAGTGAGCAACAAACA-1,
GAGTGAGCAATCCATG-1,
GAGTGAGTCAATTCCT-1,crabp1+
GAGTGAGTCGCGCCAA-1,
GATCATGAGATGGGAA-1,
GATCATGCACTTATGG-1,
GATCATGCAGAATGCG-1,
GATCATGCAGTTAAAG-1,
GATCATGGTAGAGAGA-1,
GATCATGTCCGGCGAT-1,
GATGATCTCCGAGGAA-1,
GATGATCTCCGGCTGA-1,
GATGATCTCTCCAACC-1,crabp1+
GATGGCCCAAGGCGTA-1,
GATGGCCGTGGCCTCA-1,
GATTAGCGTGAGGGTT-1,
GATTGACAGAGTGGTC-1,
GATTGACCAGGCATTT-1,
GCAAAGGAGCAGGACT-1,
GCAAAGGAGTGGGACT-1,crabp1-
GCAAAGGGTAACGGCA-1,
GCAACCGCAGAAGTGC-1,
GCAACCGGTAGTATCC-1,
GCAACCGGTTGTATCG-1,crabp1+
GCACCTTAGGTTCTCA-1,
GCACCTTCAATGCATC-1,crabp1-
GCACCTTCACCTGGTG-1,
GCACCTTCACTGGGCT-1,
GCAGATTTCGCACCTT-1,
GCAGCCATCCAACAAC-1,crabp1-
GCAGCCATCCACCTAC-1,
GCAGCTGAGCGTATCT-1,
GCAGCTGGTTTCAGCA-1,
GCAGCTGTCTTCCGTG-1,
GCATGATTCACATCCC-1,
GCATTCCGTATCCTTT-1,
GCATTCCGTGTTAGAA-1,
GCATTCCGTTTCCTAT-1,
GCATTCCTCGAGAAGC-1,
GCATTCCTCGGAGTTT-1,
GCATTCCTCTGTTGCC-1,
GCATTGAAGAAATCTG-1,
GCATTGAAGAATATCG-1,
GCATTGAAGCTCGGCT-1,
GCATTGAAGGATATCA-1,crabp1-
GCATTGAAGGGAAGCG-1,
GCATTGAGTACGGATG-1,
GCATTGAGTTCTGATG-1,
GCATTGATCCGGACTG-1,crabp1+
GCCAGACTCAACGTGT-1,
GCCAGCAAGACGCCAA-1,
GCCAGCACACTCCACT-1,
GCCAGCAGTATTTGCG-1,crabp1-
GCCAGCAGTCAACTGT-1,crabp1-
GCCAGCAGTGGTGGTA-1,
GCCAGCAGTTAACCGT-1,
GCCAGCATCCCGTAGG-1,
GCCCAGACAGGCAGAT-1,crabp1+
GCCCAGATCAGTACAC-1,
GCCCAGATCAGTCAAC-1,
GCCCAGATCATCGCCT-1,
GCCCAGATCATTCTCA-1,
GCCCAGATCCGCTATC-1,
GCCCGAAAGACACAAT-1,
GCCCGAAAGATGGGAA-1,crabp1-
GCCCGAAAGCCTATAC-1,crabp1+
GCCCGAAAGGGTTCTT-1,
GCCCGAACACGATTAC-1,
GCCCGAACACGGTTAT-1,
GCCCGAACACTAGCCG-1,
GCCCGAACATCAACTG-1,
GCCCGAAGTGCAGACA-1,
GCCTACTCACTGTAAC-1,crabp1-
GCCTACTCAGGGTAAC-1,
GCCTACTTCGGTTCCT-1,
GCCTAGGCACCTGGTG-1,crabp1+
GCCTAGGCACTGGGCT-1,
GCCTAGGCAGGACCTC-1,
GCCTAGGCAGTTACAC-1,
GCCTAGGCATGGCCCA-1,
GCCTAGGGTACAAATG-1,
GCCTAGGTCCGAATTG-1,
GCGAGAACAATTAGGA-1,
GCGAGAAGTTTGGATC-1,
GCGAGAATCACATCCC-1,
GCGAGAATCCAATCCC-1,
GCGAGAATCCGAGGAA-1,
GCGAGAATCCGCCTAT-1,
GCGAGAATCGGACGAA-1,
GCGAGTCAGACTCGGA-1,
GCGAGTCAGTGTCGGA-1,
GCGAGTCCAAGGGTAC-1,
GCGAGTCCAATGGTAA-1,
GCGAGTCCATGGGAAC-1,
GCGAGTCTCACTCCCA-1,
GCGAGTCTCCAGGTAT-1,
GCGAGTCTCCCTACCA-1,
GCGATCGAGGCTGGAT-1,
GCGATCGCAAGGCTTT-1,
GCGATCGCATTAAGGA-1,
GCGATCGGTAGAATAC-1,
GCGATCGTCATTCTCA-1,
GCGATCGTCCCGCAAG-1,
GCGATCGTCCTCCAGT-1,
GCGATTACATCCCTTG-1,
GCGATTACATTTCTTG-1,crabp1+
GCGCATGCAAAGGAAG-1,
GCGCATGCAAGCAGGT-1,crabp1-
GCGCATGGTGATAGAT-1,
GCGCATGTCAAAGTAG-1,
GCGCATGTCGAGGTAG-1,
GCGCCAAGTTTCTTAC-1,
GCGCCAATCCAGGTAT-1,
GCGGGTTAGCACACCC-1,
GCGGGTTCAACACGGA-1,
GCGGTGTAGTCCCGCA-1,
GCGGTGTTCGAGTGTT-1,
GCGTAGCAGCAGTAGC-1,
GCGTAGCCACACACCG-1,crabp1+
GCGTAGCGTCGATTAC-1,
GCGTTGGGTTCAGAAA-1,
GCTCACTAGATGGGAA-1,
GCTCACTAGCCTATAC-1,
GCTCACTAGTTCAACC-1,
GCTCACTCATAAAGTG-1,
GCTCACTCATAGTCCA-1,
GCTCACTTCCTCCCAA-1,crabp1-
GCTCAGGGTATCTCAG-1,
GCTCAGGGTCTCTAAG-1,
GCTCCTACAACTCGTA-1,
GCTCCTATCCAACAAC-1,
GCTCCTATCGGATCGC-1,
GCTCGAGAGTGTAATG-1,
GCTCGAGTCGGGACAA-1,crabp1+
GCTCGAGTCTATACCT-1,
GCTGAGCGTGATGTGG-1,
GCTGAGCGTGTGTGTT-1,
GCTGAGCGTTAAGTCC-1,
GCTGCGACAATCATCG-1,crabp1-
GCTGCGATCCTATCAT-1,
GCTGTTCAGCGGACAT-1,
GCTGTTCAGTGAAGGA-1,crabp1-
GCTGTTCGTGATAGAT-1,
GCTTAAGAGATACCAA-1,
GCTTAAGGTGGACTGA-1,crabp1+
GCTTGCTCAAAGGTCG-1,crabp1-
GCTTGCTCACAGGTAG-1,
GCTTGCTCAGCGTAGA-1,
GCTTGCTGTAACGGCA-1,
GCTTGCTTCCAATAGC-1,
GCTTTCGAGAGGCCTA-1,
GCTTTCGCAAGCGGTA-1,
GCTTTCGGTGTTGGTT-1,
GGAACCCAGTTATGAG-1,
GGAACCCCACAGCCAC-1,
GGAACCCCAGTAGGCA-1,
GGAACCCGTTTGTCTT-1,
GGAACTTAGACACAAT-1,
GGAACTTAGATGGGAA-1,
GGAACTTAGCCTATAC-1,
GGAACTTAGGGTTCTT-1,
GGAACTTCACCTGTGG-1,
GGAACTTCACGTACAT-1,
GGAATCTAGTCAACTC-1,
GGAATCTTCGATTACG-1,
GGAATCTTCGCTTACC-1,
GGACACCAGAAAGGGT-1,
GGACACCCATAGAATG-1,
GGACACCTCATCATGG-1,
GGAGAACAGAACCCGA-1,
GGAGAACTCCGCTATC-1,
GGAGAACTCTAGTCGA-1,crabp1-
GGAGGATCAATTGGCT-1,
GGAGTAGCAATTGGCT-1,crabp1+
GGAGTAGCATCCCAAA-1,
GGAGTAGTCTCTGACC-1,crabp1+
GGATAGGCACAAACGG-1,
GGATAGGCAGATGGCA-1,
GGATAGGTCCGGGCAT-1,
GGATAGGTCGCGGCAT-1,
GGATAGGTCTGAGTAC-1,
GGATGAGCAAACCCTA-1,
GGATGAGCAAAGAAGG-1,
GGATGAGCAAGTCTGT-1,crabp1+
GGATGAGCACAGTAGG-1,
GGATGAGCACCTGGTG-1,
GGATGAGCAGGACCTC-1,
GGATGAGCATCGGCCA-1,
GGATGAGCATGACTGT-1,
GGATGAGCATGGCCCA-1,
GGATGAGGTAAGGTCG-1,
GGCACGTAGATGGGAA-1,
GGCACGTAGCATTCCA-1,crabp1-
GGCACGTAGCCTATAC-1,
GGCACGTAGGATGCCA-1,
GGCACGTAGTCTAGAA-1,
GGCACGTCACTCAGCG-1,
GGCACGTGTGCGCTCA-1,crabp1-
GGCACGTTCATCGCCT-1,
GGCATTACATGGGTGA-1,
GGCGAAAAGAGGTGGG-1,crabp1+
GGCGAAAAGTGGTGTG-1,
GGCGAAACACACATGT-1,
GGCGTTGGTTCAGAAA-1,
GGCGTTGTCGTCCCTA-1,crabp1-
GGGAACAGTGATGTGG-1,
GGGACCTAGTCCTTCC-1,
GGGACCTCATTGTTCT-1,
GGGACCTGTCGACTGC-1,
GGGACCTTCTATAGGC-1,
GGGCCATGTACCCACG-1,
GGGTCTGAGAGGCCTA-1,
GGGTCTGAGCGGACTA-1,
GGGTTATAGCTTCAAC-1,
GGGTTATTCAGAATGA-1,
GGTAGGAAGCGGACTA-1,
GGTAGGATCCGAGGAA-1,crabp1-
GGTCATACAAGCGTCC-1,
GGTGAAGTCTCTTCTC-1,crabp1-
GGTGTCGAGGAAGGTA-1,
GGTGTCGTCCCAATAG-1,
GGTGTCGTCGGTAGGA-1,crabp1-
GGTTGCGGTAACGGCA-1,
GGTTGCGGTTACGGAG-1,
GTAATCGCACCCTTTG-1,
GTAATCGCATCCCTTG-1,
GTAATCGGTTTCGACA-1,crabp1+
GTAATCGTCCCAATAG-1,crabp1+
GTAATCGTCGCTATAG-1,
GTACTTTGTGTCTCGG-1,
GTAGACTAGTGAGCAC-1,crabp1+
GTAGACTTCACTACCC-1,crabp1+
GTAGGAGCAGTTGCAT-1,crabp1-
GTCACAAAGTGTTCCA-1,
GTCACAATCTGATCCC-1,
GTCACCTAGGGCTCTC-1,
GTCACGGAGAACAGGA-1,
GTCACGGAGCAGGACT-1,crabp1-
GTCACGGGTACGGTTT-1,
GTCACGGGTACTAGAA-1,
GTCACTCAGGCGACTA-1,crabp1+
GTCCATCCACCCATCT-1,
GTCCATCCAGCTTACA-1,crabp1-
GTCCATCCAGTCAGAG-1,
GTCCATCCATGGCCTG-1,
GTCCATCTCGGATAGG-1,
GTCGTAAAGATAGGTT-1,
GTCGTAACATGGCCGT-1,
GTCGTAAGTTTAAGCC-1,
GTCTACCAGACAGCTG-1,
GTCTACCAGAGTGGTC-1,
GTCTACCAGTTATGAG-1,
GTCTACCTCTGTCGGG-1,crabp1+
GTGACATCAAGCACTT-1,
GTGACATCACTGATAC-1,
GTGACATCAGGTTATC-1,crabp1-
GTGACATTCGACCCGA-1,
GTGATCACAAGTAATG-1,
GTGATCACACGAACGA-1,
GTGATCACAGGTAACG-1,
GTGATCACAGTAACTC-1,
GTGATCAGTTCCAGTA-1,crabp1+
GTGATCATCGAGTGTT-1,crabp1+
GTGCACGTCGAGAAGC-1,
GTGCACGTCTAAGGTC-1,
GTGCCAGCAACGCAAG-1,crabp1-
GTGCCAGCACCGAAAG-1,
GTGCTGGCATGTATCG-1,
GTGCTGGGTTTAAGCC-1,
GTGGATTCATCTGCAA-1,crabp1-
GTGGATTTCCCAGCGA-1,
GTGGATTTCGGGTCCA-1,
GTGGATTTCTGGCCAG-1,
GTGGCGTAGCATGATA-1,
GTGTCAAAGATATGAC-1,
GTGTCAAAGTTATGAG-1,crabp1+
GTGTCAACATCCTCGT-1,
GTGTCAAGTAACGGAC-1,
GTGTCAAGTACGCAAG-1,
GTGTCAAGTCAACAGG-1,
GTGTCAAGTTGCCTGG-1,
GTGTCAATCACATCCC-1,
GTGTCAATCACCGCGA-1,
GTGTCAATCCTAGAGT-1,crabp1+
GTGTCCTAGAAGACTT-1,
GTGTCCTAGACCCTAT-1,crabp1-
GTGTCCTAGACGCCCT-1,
GTGTCCTAGAGGTGGG-1,
GTGTCCTAGGGCTTCC-1,
GTGTCCTGTGGCGCTT-1,
GTGTGATAGAGGTGGG-1,
GTGTGATAGTGGTGTG-1,
GTGTGATGTTTCTTAC-1,crabp1+
GTGTGATTCCGCTATC-1,
GTGTGATTCTGGCGCA-1,
GTTACGAAGAACAGGA-1,
GTTACGAAGTACAGTA-1,
GTTACGAAGTATCTGC-1,
GTTACGAGTAGCAGCA-1,crabp1-
GTTACGAGTAGTCCAT-1,crabp1+
GTTACGAGTCCTATTT-1,
GTTACGATCTTCAGAG-1,
GTTACTTCATTCTCGC-1,crabp1+
GTTATTCAGCTCGGCT-1,
GTTATTCCAACGTCGC-1,
GTTATTCGTGCATTCA-1,
GTTATTCTCACATCCC-1,
GTTATTCTCATTCTCA-1,
GTTCAAGCAGAAAGAG-1,
GTTCAAGCATAAAGTG-1,
GTTCAAGGTATCATGC-1,
GTTCAAGTCCCAATAG-1,crabp1+
GTTGGGCCACCCATCT-1,
GTTGGGCCACGAACGA-1,
GTTGGGCCAGCAACGA-1,
GTTGGGCGTGGACTGA-1,crabp1+
GTTGGGCTCATAGGTC-1,
GTTGGTAAGAGAGTAG-1,crabp1+
GTTGGTAAGTACAGAT-1,
GTTGGTAGTAGGTGAC-1,
GTTGGTATCCTCCTGA-1,
TAAACCGAGAAAGCAG-1,
TAAACCGAGCGGACAT-1,
TAAACCGCAGGATGTG-1,
TAAACCGGTTCCTGTC-1,
TAACAGCAGGCTGGAT-1,
TAACAGCCACATTGCA-1,
TAACAGCCAGTTGCAT-1,crabp1-
TAACAGCTCAGCCGAC-1,
TAACAGCTCTCCACTG-1,
TAACGGTCAGTCAGAG-1,crabp1-
TAACGGTCATGGCCTG-1,crabp1-
TAACGGTGTATGTCCA-1,
TAACGGTGTCTGTCCT-1,crabp1+
TAACGGTTCAACTTGG-1,
TAACGGTTCGGATAGG-1,
TAACGGTTCGGTTCCT-1,
TAACTTCAGCTGAAAT-1,
TAACTTCCAAAGAGAG-1,crabp1-
TAACTTCGTGCAAGCA-1,
TAACTTCGTGCTTACA-1,crabp1-
TAACTTCGTTTGATCG-1,
TAAGCCAAGCTACGCC-1,
TAAGCCAAGGTAAGCC-1,
TAAGCCAAGTGCAACG-1,
TAAGCCACAACTGCGC-1,
TAAGCCACATAAAGTG-1,
TAAGCCATCTTACGGA-1,crabp1-
TAAGTGCAGCCTCGCA-1,
TAAGTGCAGCGCACAA-1,crabp1-
TAAGTGCAGTCCCGCA-1,
TAAGTGCAGTCGAAAT-1,
TAAGTGCAGTGCACAG-1,
TAAGTGCGTCAGCTTA-1,
TAAGTGCGTCATAAGA-1,crabp1+
TAATCGGGTATCCCTC-1,
TAATCGGGTGATTCCA-1,crabp1-
TAATCGGTCGATATGC-1,crabp1-
TAATTCCGTAGACGCA-1,
TAATTCCGTCGCTAGC-1,
TAATTCCGTTCAGAAA-1,
TACAGCACAATGTGTC-1,
TACAGCACATTGTGAC-1,crabp1+
TACAGCAGTAGCGTTT-1,
TACAGCAGTGTACGCC-1,
TACAGCATCAGATACC-1,
TACAGCATCCCTACGT-1,
TACAGCATCTCTGCGT-1,crabp1-
TACATGGCAAGGGTAC-1,crabp1+
TACATGGCATGACTGT-1,
TACATGGCATGGGACA-1,
TACATTCTCCAAGTCA-1,
TACATTCTCGGATAGG-1,crabp1+
TACCCTGAGTGCTCGC-1,
TACCTATAGTGCCCTG-1,
TACCTATGTAATGCAA-1,
TACCTCGAGAGAACCC-1,
TACCTCGCAAGCACTT-1,
TACCTCGCACTGATAC-1,crabp1+
TACCTCGGTAGAAAGG-1,
TACCTCGGTCGATAGG-1,
TACCTCGTCCAACAAC-1,
TACCTCGTCCCACTAC-1,
TACCTCGTCCTCCAGT-1,
TACCTCGTCCTCCCAA-1,
TACCTCGTCGGATCGC-1,
TACCTCGTCGGCTATA-1,
TACGCAATCAGTCAAC-1,
TACGCAATCATCGCCT-1,
TACGCAATCCGCTATC-1,
TACGCAATCGGTTCCT-1,
TACGCCTCAGGATGTG-1,
TACGGATAGGAGAACA-1,crabp1-
TACGGATCAAGCACTT-1,
TACGGATCACTGATAC-1,
TACGGATGTTCCTGTC-1,
TACGGATTCGGATCGC-1,
TACTAGGAGCAGTAGC-1,crabp1-
TACTAGGGTCCTATTT-1,crabp1+
TACTAGGTCCATCGAA-1,
TACTAGGTCGGGACAA-1,
TACTGCCCAAATGTCC-1,
TACTGCCCAAGGATGC-1,
TACTGCCCACATCATG-1,
TACTGCCCACCTACCT-1,
TACTGCCTCGCTTGAA-1,
TAGACTGAGAAATCTG-1,crabp1+
TAGACTGCACATCATG-1,
TAGACTGGTAGCAGCA-1,
TAGACTGGTTGGGAAC-1,
TAGCACAAGGTACACG-1,
TAGCACAAGTTACACC-1,
TAGCACAGTGATGTGG-1,
TAGCATGGTATGCTAC-1,
TAGCATGTCCCGTATC-1,
TAGCATGTCTCATATC-1,
TAGCCCTGTAAACGTA-1,
TAGCCCTGTCACAGTT-1,crabp1-
TAGCCCTTCCGTACGG-1,
TAGCCGGTCGTTTGAG-1,crabp1-
TAGCGGCAGTCTCTAG-1,
TAGCGGCCATCCGTAA-1,
TAGCTTTCAAAGAAGG-1,
TAGGAGGAGTGAAACT-1,crabp1-
TAGGAGGTCGAGAACG-1,
TAGGTCAAGATAGGTT-1,
TAGGTCAAGTAGCAAT-1,crabp1+
TAGGTCAAGTAGGAAG-1,
TAGGTCAAGTCGAGCA-1,
TAGGTCACACGATTAC-1,
TAGGTCAGTATGGATA-1,
TAGGTCAGTCCGTAGC-1,
TAGGTCAGTTACGGAG-1,
TAGGTCATCGATATGC-1,crabp1-
TAGGTCATCTCGGCGA-1,crabp1-
TAGGTGTCAATGATGA-1,crabp1+
TAGGTGTCATTGATGC-1,
TAGTCCCAGGATCCTT-1,crabp1-
TATCGAGCAAGAAACT-1,
TATCGAGGTTCCTATT-1,
TATCTGTAGAACCCGA-1,crabp1-
TATGTGGAGCTCCATA-1,crabp1-
TATGTGGAGGGCTTCC-1,crabp1-
TATGTGGCACGCCGAT-1,
TATGTGGCACTTACAG-1,
TATGTGGGTCAACTGT-1,
TATGTGGTCTCATATC-1,
TATTGCTCAGCGTGAA-1,
TATTGCTGTACGCCCA-1,
TATTGCTGTGCACCCA-1,crabp1-
TATTGCTGTTACCACA-1,
TCAAAGCGTGGACCAA-1,crabp1-
TCAAAGCGTGGACGAT-1,
TCAAGACAGTGAAGGA-1,
TCAAGACAGTTATGAG-1,
TCAAGCACAAGCGAAC-1,
TCAAGCACATGCCTTC-1,
TCAAGGTCATCACAAC-1,
TCAAGGTCATCCCTCA-1,crabp1-
TCAATTCTCTCTGTTA-1,
TCACAAGGTGGCGCTT-1,
TCACAGAGTACGCCCA-1,
TCACAGAGTCCGTGCA-1,
TCACAGAGTCGGCTGT-1,
TCACAGAGTGTCTCGG-1,
TCACAGAGTTCCGGCA-1,
TCACCACGTAGCGGTA-1,crabp1-
TCACCACGTGTTTCTT-1,
TCACCACGTTCTACCC-1,
TCACCTGTCAGCACGC-1,
TCACCTGTCAGCACTA-1,crabp1-
TCAGCTCAGGCGTCCT-1,
TCAGCTCAGGGTAATT-1,
TCAGCTCAGGTTAGTA-1,crabp1+
TCAGCTCCAACATAAG-1,
TCAGCTCCACAATAAG-1,
TCAGCTCGTCCTTATT-1,
TCAGCTCTCCTTTGCG-1,crabp1+
TCAGCTCTCGCTATTT-1,
TCAGGGCAGATCGAGC-1,crabp1+
TCAGGGCAGTTCGCGC-1,
TCAGGGCGTATCATGC-1,
TCAGGGCGTATTGTCG-1,
TCAGGGCGTGTTGTTG-1,
TCAGGGCGTTTAAGCC-1,
TCAGGGCTCACTAGCA-1,
TCAGGGCTCAGGATCT-1,
TCAGGGCTCGGGATCC-1,crabp1+
TCAGGGCTCTTGTCGC-1,
TCAGGTAAGACTTGAA-1,
TCAGGTAAGTCGAGCA-1,
TCAGGTACAACGGGTA-1,
TCAGTCCCACCGAATT-1,
TCAGTCCTCAGAACGG-1,
TCAGTCCTCTAAACGC-1,
TCAGTCCTCTTAACGG-1,crabp1+
TCAGTTTGTCACAGTT-1,
TCCAGAAAGAGCTCCC-1,
TCCAGAAGTCACAGTT-1,
TCCAGAAGTGGCCTCA-1,
TCCAGAAGTTGCCGCA-1,
TCCATCGAGCCTGTAT-1,
TCCATCGGTACTTCGA-1,
TCCATCGGTTCTACCC-1,
TCCATCGGTTCTACGA-1,crabp1+
TCCCACATCAGCACGC-1,crabp1-
TCCGACTAGAGGCAGG-1,
TCCGACTAGCCATCAT-1,
TCCGACTAGGATTAAC-1,
TCCGACTAGTCTGGGA-1,
TCCGACTGTCTGTCCT-1,
TCGAGCGGTTTCTACT-1,crabp1+
TCGATTTAGATGGGTC-1,
TCGATTTCACTCGGAC-1,
TCGATTTCACTGGGCT-1,
TCGATTTCATGTAGAA-1,crabp1-
TCGATTTTCAAGAGGC-1,crabp1-
TCGATTTTCGGATCGC-1,
TCGCAGGTCCGTTTCG-1,
TCGGGACAGGTTAGTA-1,crabp1-
TCGTTCGTCGGTTGTA-1,
TCTAGTTAGATATGTG-1,
TCTAGTTAGCATGATA-1,crabp1+
TCTAGTTAGGGCTCTC-1,
TCTAGTTCAAGATGCG-1,crabp1+
TCTAGTTCAAGTTGCT-1,
TCTAGTTCACTGTCAA-1,
TCTAGTTGTCCTTCAC-1,
TCTAGTTGTCGACTGC-1,
TCTAGTTGTCGCTAGC-1,
TCTATTGAGTGCAACG-1,
TCTATTGTCCTATCAT-1,
TCTATTGTCTCGCGGA-1,crabp1+
TCTCAGCCAGTCAGAG-1,
TCTCTGGAGATTACGA-1,
TCTCTGGCACAATAAG-1,crabp1-
TGAATCGTCTGGACAT-1,
TGACAACCAATGTGCT-1,
TGACAACCATGCCTTC-1,
TGACAACGTGACGCAA-1,
TGACAACGTGAGTCGA-1,
TGACAACTCCATAGGT-1,crabp1+
TGACTCCAGATTACGA-1,crabp1-
TGACTCCAGTGATAAC-1,
TGACTCCTCTGAACGT-1,
TGAGCCGGTGCGACCT-1,
TGAGTCATCGTGTGCG-1,
TGATCAGTCCCACTAC-1,crabp1-
TGATCAGTCCTCCCAA-1,
TGATCAGTCGGATCGC-1,
TGATTTCTCAAGGCCC-1,
TGATTTCTCCAGGCCA-1,
TGCACCTAGCTAACAA-1,
TGCACCTAGTTGACAA-1,
TGCACCTCACCCTTAC-1,
TGCACCTGTAAACGGC-1,
TGCATGACACGTGAAG-1,crabp1-
TGCATGACATGTGAGG-1,
TGCATTTAGCAACGGT-1,
TGCATTTCAGGTGGTA-1,
TGCATTTTCACTGATG-1,crabp1-
TGCCTCACATTGTTCT-1,crabp1+
TGCCTCAGTCATGAGG-1,
TGCCTCAGTTGTGAGG-1,crabp1+
TGCCTCATCACTCGGG-1,
TGCCTGTGTCTAAGAA-1,
TGCGTAAAGCGTCTGC-1,
TGCGTAAAGGGCTTCC-1,
TGCGTAAAGGGTCTGA-1,
TGCGTAAAGTCCTTCC-1,
TGCGTAACATGTATCG-1,
TGCTATTGTGGCCTTG-1,
TGCTCACAGCATACCT-1,
TGCTCACAGTATACCC-1,
TGCTCACGTTACACTG-1,
TGCTCACTCACTGATG-1,crabp1-
TGCTCACTCAGAATGA-1,
TGCTCACTCCCAATGA-1,
TGCTTCGCAAATGTCC-1,crabp1-
TGCTTCGGTTGTCGGC-1,
TGCTTCGTCGCGCTGA-1,crabp1+
TGCTTTAGTGTCCTTC-1,
TGGAAGGTCTCATCCG-1,crabp1+
TGGACATCATGGTTTG-1,
TGGACATTCGGCATAT-1,
TGGCAATGTGTTTCTT-1,
TGGCCTTGTATTCACG-1,crabp1-
TGGCCTTGTGTGCGTC-1,
TGGCGCATCATAGGTC-1,crabp1-
TGGGTGCCAGCGTGAA-1,
TGGGTGCCATCGTGAT-1,
TGGGTGCTCGGCTATA-1,
TGGGTTACACTCAAGT-1,
TGGTCAAAGGGTAGTC-1,
TGGTCAACAGGAGCAT-1,
TGGTCAAGTCCAACCG-1,
TGGTCCTAGCTCGGCT-1,
TGGTCCTAGGAGTCTG-1,
TGGTCCTAGTTCAACC-1,
TGTAAGCCAAGCGGTA-1,
TGTAAGCTCGAGAACG-1,
TGTACAGCAATTAGGA-1,
TGTACAGTCGGAGTTT-1,
TGTACGAAGTGCTAGG-1,
TGTACGACACGATTAC-1,
TGTACGATCCGATTGA-1,
TGTACGATCTGATCCC-1,
TGTAGCAAGGTGTTGG-1,
TGTGACAAGCTGAAAT-1,
TGTGACAGTCCTCAGG-1,
TGTGACAGTTTGAAGA-1,
TGTGGCGGTTCTTTCA-1,
TGTGTCCAGCATTCCA-1,
TGTGTCCAGGAGTACC-1,
TGTGTCCCAATAGCGG-1,
TGTGTCCGTTACTACG-1,
TGTGTCCTCCAGTACA-1,
TGTGTCCTCCCAATAG-1,
TGTGTCCTCTCCACTG-1,
TGTGTCCTCTGGTACA-1,
TGTTAGGAGGAGTAGA-1,
TGTTAGGAGTATGGGC-1,
TGTTAGGTCGCATACA-1,
TGTTAGGTCGGTTCCT-1,
TTAACGGAGCCGCAAA-1,crabp1+
TTACGGAAGTTCGCGC-1,
TTACGGAGTGGTGGTA-1,crabp1-
TTACGGATCCCAATAG-1,
TTACGGATCCCAGCGA-1,
TTACGTTAGAGCTCCC-1,crabp1-
TTACGTTCAGCAACGA-1,
TTACGTTCATCATCGA-1,crabp1+
TTACGTTGTCTTAGCA-1,
TTACGTTTCTGATCCC-1,
TTACTCAAGAAATGGG-1,
TTACTCAAGGAATGGA-1,crabp1-
TTACTCAAGTTGAATG-1,crabp1-
TTACTCAGTGCAAGAC-1,
TTACTCATCGCATAAC-1,crabp1+
TTACTTGAGGAACCGT-1,
TTACTTGCATTTGTTC-1,
TTAGCGAAGAATGCTA-1,
TTAGCGAAGCATGATA-1,crabp1+
TTAGCGAGTCAAATCC-1,
TTAGCGATCAAACCAC-1,
TTAGCGATCTACCCGT-1,
TTAGCGATCTCGACCT-1,
TTAGCTTCACCTACCT-1,
TTAGCTTTCTACATCT-1,
TTAGGTGAGTGATTAG-1,crabp1+
TTATGTCAGACGTCAG-1,
TTCATCAAGGGTAATT-1,
TTCATCAAGTGCTAGG-1,crabp1-
TTCATCACAAAGGAAG-1,crabp1+
TTCATCACAAGCGGTA-1,
TTCATCACACAGGAAC-1,
TTCATCATCTCATCCG-1,
TTCATTGAGCTGAATA-1,
TTCATTGAGCTGATTC-1,
TTCATTGAGGCTGGAT-1,
TTCATTGAGGTGATGC-1,
TTCATTGGTGATAGAT-1,
TTCATTGTCCTCCCAA-1,
TTCGATTAGGCACTAG-1,crabp1+
TTCGATTAGGCAGATC-1,
TTCGATTAGGGAAATG-1,
TTCGATTAGGTAGGCT-1,
TTCGATTAGGTCCTCG-1,
TTCGATTGTACAACGG-1,
TTCGATTGTAGAAAGG-1,
TTCGATTGTAGCGAGT-1,
TTCGATTGTCGATAGG-1,
TTCGATTGTCGCTAGC-1,
TTCGATTGTGAGTTGG-1,
TTCGATTGTGCAAGCA-1,
TTCGATTGTGTGACCC-1,
TTCGATTGTGTGTGTT-1,
TTCGCGTCAAACGTTC-1,
TTCGCGTCACACGGTC-1,
TTCGCGTGTGCTTCCT-1,
TTCGCGTGTGGCATAG-1,
TTCGGTCGTCAGAAAT-1,
TTCGGTCTCCATATCT-1,crabp1+
TTCGTTAAGCACCATT-1,
TTCTAACCACAAGGGT-1,crabp1+
TTCTAACGTATCACAC-1,
TTCTAACGTATTCTCT-1,
TTCTAACGTCGCGCTA-1,
TTCTAACGTCTGAGCC-1,
TTCTAACGTGGTAGAC-1,crabp1-
TTCTAACGTGGTGGTA-1,
TTCTAACTCAAGGCCC-1,
TTCTGTAAGTCACACT-1,crabp1-
TTGAGCAAGAGGTACC-1,
TTGAGCAAGGAGTACC-1,
TTGAGCAGTATGGGTG-1,
TTGAGTGAGTCATCTG-1,
TTGAGTGAGTTCGTTG-1,
TTGAGTGCAAATGCTC-1,
TTGAGTGCACATCATG-1,
TTGAGTGCACGCGTTG-1,crabp1+
TTGAGTGCAGGTGGTA-1,
TTGCACCCATTCGTCC-1,
TTGCAGAAGACTAGCG-1,crabp1-
TTGCAGAAGAGGAAGT-1,crabp1+
TTGCAGAAGTGATTAG-1,crabp1-
TTGCAGAAGTGGACGT-1,
TTGCAGACACTTTGGA-1,
TTGCAGATCAAATGGA-1,
TTGCCCAGTGAATCGG-1,
TTGCGAAGTGCGTAGA-1,
TTGCGAAGTTTCGACA-1,
TTGCGAATCCCAGTAA-1,
TTGCGAATCTTCCGTG-1,
TTGCGGGAGACAGTGC-1,crabp1+
TTGCGGGAGGCAGTGT-1,
TTGCGGGGTAGGTCTT-1,
TTGCGGGGTGGTGGTA-1,
TTGCTATCACTCGGAC-1,
TTGCTATCACTGGGCT-1,
TTGCTATCATGTAGAA-1,crabp1-
TTGCTATGTTCTGAAC-1,crabp1-
TTGCTTACACCATTCC-1,
TTGGTCCAGAGACTCG-1,
TTGTCTAAGGCCTCTG-1,
TTGTCTAAGTCACGCC-1,crabp1+
TTGTCTAAGTCTGTGT-1,
TTGTCTAGTATCAGCT-1,
TTGTCTATCCTCATTA-1,crabp1+
TTGTCTATCGAGAAGC-1,
TTGTCTATCTTCGTTA-1,
TTGTTCAAGGATATCA-1,
TTGTTCAAGGGAAGCG-1,
TTGTTCACACATATCG-1,
TTGTTCACACTCGGAC-1,
TTGTTCACACTGGGCT-1,
TTGTTCACAGACCTGC-1,
TTGTTCACAGCCACGT-1,
TTGTTCACAGTGGTCC-1,
TTGTTCAGTGACGCAA-1,
TTGTTGTCACCGATCG-1,
TTGTTGTTCCGCCTAT-1,crabp1+
TTTACGTCACTCAAGT-1,
TTTACGTCATTAAGGA-1,
TTTACGTGTACCGGCT-1,
TTTGAGGTCGAGAAGC-1,
TTTGCGCCAAACCCTA-1,
TTTGCGCCAACTCCCT-1,crabp1-
TTTGCGCCATCAACTG-1,
TTTGCGCGTACGAGAC-1,crabp1-
TTTGCGCGTGCAAGAC-1,
TTTGCGCGTTTGATCG-1,
TTTGCGCTCACAAGCT-1,
TTTGCGCTCATCATGG-1,crabp1-
TTTGGCCAGGAGTAGA-1,
TTTGGCCTCCGATTGA-1,
TTTGGTTGTGATAGAT-1,
